,actors_movieCount,actors_ratingSum,actors_normalizedMovieRank,actors_googleHits,actors_normalizedGoogleRank,actors_normalizedRating
0,16.0,585.0,2.508560001850128,951100.0,3.4501949846744537,3.82614007592201
1,30.666666666666668,1353.3333333333333,2.8070900042851767,696700.0,2.7939033110936484,3.6222399075826033
2,22.0,1550.0,5.44268004099528,2486666.6666666665,7.411619981129964,7.756110032399497
3,20.333333333333332,1066.6666666666667,3.9980798959732056,1168000.0,4.009750048319499,4.993966579437253
4,17.75,957.5,4.169374972581863,1562250.0,5.0268275141716,5.67125505208969
5,12.25,560.0,2.9320650398731236,752750.0,3.585806727409363,3.6338824629783604
6,20.75,1232.5,5.480592489242554,1822600.0,5.698477566242218,6.80134755373001
7,14.5,750.0,3.9455575346946716,1237250.0,5.252343416213989,4.923854887485502
8,10.25,302.5,1.8913024961948395,727475.0,2.873292475938797,3.1455550491809854
9,22.5,1340.0,4.87845516204834,1219500.0,4.142610013484955,5.571437537670135
10,23.5,1325.0,4.2164775133132935,1858500.0,5.79108738899231,6.133672356605531
11,18.0,575.0,2.222929984331131,289425.0,1.992110013961792,2.5485025346279127
12,13.666666666666666,516.6666666666666,2.7695032755533853,564666.6666666666,2.4532833496729536,3.4066866238911935
13,21.5,840.0,3.544947534799576,833800.0,3.147590070962906,4.244342625141143
14,6.0,226.66666666666666,2.4492733478546143,493333.3333333333,4.8146400451660165,2.7406534353892003
15,24.5,895.0,2.7944975197315216,785750.0,3.023632526397705,3.7459899783134425
16,13.75,657.5,3.2402724623680115,484250.0,2.662246704101563,3.414767533540725
17,21.75,1295.0,5.058982610702515,1571750.0,5.051334917545319,6.192237317562103
18,12.0,345.0,1.81376251578331,211325.0,1.5417424738407135,2.34246999025345
19,10.666666666666666,336.6666666666667,1.844860037167867,506233.3333333333,2.9555249214172363,2.6044700543085733
20,20.25,837.5,2.922212541103363,768775.0,2.9798375070095062,3.793822467327118
21,14.666666666666666,440.0,1.9869566361109416,259666.66666666666,2.001389980316162,2.3229299783706634
22,33.0,950.0,1.8596800565719604,101000.0,1.2571300268173218,2.20642995834351
23,37.25,1857.5,3.686519980430603,1542750.0,4.976524829864502,5.367392361164093
24,30.0,1210.0,2.9792699813842773,1495000.0,4.853339910507202,4.894104957580565
25,25.25,1110.0,3.1655674874782562,632250.0,2.6276324689388275,3.731782495975495
26,22.333333333333332,1333.3333333333333,4.982786655426025,1076666.6666666667,3.7741298278172817,5.420893192291261
27,16.41485507246378,715.5120137299773,2.978873827819329,649043.6336765825,3.0152027458629536,3.543942889077894
28,21.666666666666668,913.3333333333334,3.107426643371582,685666.6666666666,2.7654367287953696,3.777183294296267
29,4.5,120.0,1.586954951286316,14550.0,1.0716400146484375,1.6399049758911148
30,22.25,790.0,1.9191575050354004,943500.0,3.430590003728866,3.4790499806404123
31,16.75,997.5,5.371024966239929,1301750.0,4.354797601699829,5.97309750318527
32,19.75,915.0,3.153670072555542,1194725.0,4.078694939613342,4.55200755596161
33,15.0,560.0,2.954297512769699,1264750.0,4.2593424916267395,4.541337549686433
34,36.25,1477.5,3.0334050059318542,1236950.0,4.187629997730254,4.5455474853515625
35,6.333333333333333,170.0,1.5357133547465007,168300.0,1.6478300094604492,1.9314166704813662
36,25.0,1020.0,2.4174399773279824,1018700.0,3.624586582183838,3.8735999266306536
37,13.5,460.0,1.8297750353813171,140000.0,2.4412500858306885,1.8207450211048126
38,13.5,460.0,1.8297750353813171,140000.0,2.4412500858306885,1.8207450211048126
39,23.25,985.0,3.0485225319862366,227650.0,1.5838575065135956,3.0702000260353075
40,19.25,660.0,2.596712499856949,121500.0,1.414496660232544,2.5146350264549246
41,8.5,385.0,3.2092400789260864,138550.0,1.3539999723434448,3.030790090560915
42,20.0,790.0,3.111072540283203,897250.0,3.3112775087356567,4.090349972248075
43,21.333333333333332,890.0,2.1091399987538657,1091800.0,3.8131699164708457,3.805369973182677
44,5.0,100.0,1.0,0.0,3.0152027458629536,1.0
45,20.0,730.0,2.042836626370748,645000.0,2.660526672999064,3.11065324147542
46,35.25,1687.5,3.4793925285339355,1435000.0,4.6985524892807,5.090917468070986
47,12.0,483.3333333333333,3.2628466288248696,755800.0,2.9463667472203574,3.96888001759847
48,8.333333333333334,383.3333333333333,2.978260040283203,43000.0,1.3293600082397459,2.38001330693563
49,19.333333333333332,696.6666666666666,2.608473300933838,800666.6666666666,3.062113324801127,3.6618999640146868
50,9.5,275.0,1.8967399597167967,44050.0,1.1102100014686584,2.1438199877738953
51,14.666666666666666,506.6666666666667,2.353049953778585,715000.0,2.841110030810038,3.3903733491897596
52,24.75,1255.0,2.9978150129318237,1120000.0,4.849039872487386,4.211317509412767
53,16.41485507246378,715.5120137299773,2.978873827819329,649043.6336765825,3.0152027458629536,3.543942889077894
54,19.0,902.5,2.989127516746521,1423025.0,4.667659968137741,4.793895065784455
55,18.0,630.0,2.789652496576309,179550.0,1.4597700238227844,2.8519400358200073
56,17.75,620.0,2.389797478914261,164750.0,1.5632599989573162,2.460294991731643
57,12.666666666666666,506.6666666666667,2.962623357772827,267666.6666666667,1.687089999516805,3.0800766944885267
58,7.333333333333333,346.6666666666667,2.6304334004720054,57666.666666666664,1.442870020866394,2.2033434311548867
59,14.0,443.3333333333333,2.7865600188573203,33666.666666666664,1.2571300268173218,2.2570366859436035
60,13.666666666666666,483.3333333333333,2.517210006713867,751000.0,2.933983325958252,3.5368634064992235
61,7.0,140.0,1.0,1330.0,1.0,1.56992995738983
62,18.0,680.0,2.3838325142860413,222500.0,1.7619033257166545,2.541805028915405
63,12.0,392.5,2.095107525587082,232250.0,1.7954400380452473,2.391589999198915
64,7.25,162.5,1.244777500629425,126900.0,1.433066685994466,1.7520650029182425
65,16.41485507246378,715.5120137299773,2.978873827819329,649043.6336765825,3.0152027458629536,3.543942889077894
66,16.333333333333332,660.0,2.6160200039545702,309000.0,2.192299962043762,2.753986676534014
67,30.75,1362.5,2.8779050409793854,659250.0,3.2641966740290322,3.4655399620533003
68,11.25,390.0,2.333687514066696,314175.0,1.8070724606513977,2.790010035037995
69,16.5,732.5,3.4814125299453735,388250.0,2.33203661441803,3.411049962043762
70,21.75,1075.0,3.7499001026153564,1598150.0,5.11944505572319,5.484970033168793
71,9.0,330.0,2.029746691385905,643333.3333333334,5.9755401611328125,2.72209664185842
72,16.25,600.0,2.6720699667930603,277000.0,1.7111674845218658,2.928205013275145
73,16.5,622.5,2.3956774473190308,673500.0,3.313213308652242,3.211657404899595
74,38.0,1865.0,3.9137051105499268,1478000.0,4.809479892253876,5.40166985988617
75,7.5,167.5,1.1863349974155426,31450.0,1.104746659596761,1.578419983386995
76,11.5,537.5,3.0628125071525574,235750.0,1.807479977607727,2.9482575058937077
77,23.333333333333332,1073.3333333333333,3.362866640090943,1123333.3333333333,3.8945200045903525,4.56626669565837
78,23.5,1127.5,3.3754999935626984,1169550.0,4.0137500166893005,4.6414175629615775
79,17.75,772.5,3.1888575553894043,404400.0,2.039832502603531,3.41005504131317
80,13.333333333333334,383.3333333333333,1.940536657969157,941333.3333333334,3.425003409385681,3.4880466461181636
81,35.333333333333336,1276.6666666666667,2.401233355204264,1073333.3333333333,3.765533328056335,3.9446899890899663
82,15.666666666666666,723.3333333333334,3.3466633955637612,810166.6666666666,3.0866167147954306,4.096583366394044
83,18.666666666666668,886.6666666666666,3.5988134543100987,425000.0,2.0929733514785767,3.6739866733551003
84,28.666666666666668,1156.6666666666667,2.9334233601888022,542333.3333333334,2.395670056343079,3.4672766526540095
85,20.666666666666668,770.0,2.2728333473205566,446233.3333333333,2.1477533181508384,2.949493328730263
86,12.5,385.0,2.005852520465851,622000.0,3.1360665957132974,2.9137675464153303
87,22.0,750.0,2.378459930419922,185000.0,1.473829984664917,2.6256000995636
88,14.5,545.0,2.744565010070801,249400.0,1.6399649977684025,2.928944945335385
89,23.0,1050.0,3.5555975437164307,1445250.0,4.7249950766563416,5.1494250297546404
90,12.75,452.5,2.3673699498176575,389600.0,2.001652479171753,2.92010498046875
91,9.5,330.0,2.2860299944877625,33500.0,1.16941499710083,2.066189974546435
92,26.5,1170.0,3.1807050704956055,1385000.0,8.142560005187987,4.56319010257721
93,20.333333333333332,1140.0,3.7970166206359863,1035000.0,5.0016747713089,4.494503219922384
94,21.0,897.5,2.7926474511623383,754725.0,2.943589925765991,3.6993224024772626
95,22.333333333333332,696.6666666666666,1.6878866751988728,363200.0,1.9335467020670574,2.4940299987792964
96,16.41485507246378,715.5120137299773,2.978873827819329,649043.6336765825,3.0152027458629536,3.543942889077894
97,26.0,952.5,2.3075700104236603,552675.0,2.8976100285847983,2.9837949573993674
98,22.333333333333332,756.6666666666666,2.274843374888102,434333.3333333333,2.117056687672933,2.93314003944397
99,12.5,382.5,1.9569400250911713,622000.0,3.1360665957132974,2.8858900368213676
100,8.666666666666666,313.3333333333333,2.1005433400472007,498633.3333333333,2.9261150360107426,2.7390166918436667
101,20.25,965.0,3.57098251581192,1121250.0,3.8891449570655823,4.6818175315856925
102,24.0,835.0,1.9666150212287903,327700.0,1.8419650197029114,2.6006900668144204
103,11.333333333333334,403.3333333333333,2.1927900314331055,1383333.3333333333,4.5652633508046465,4.28168328603109
104,9.666666666666666,260.0,1.7527166604995728,211966.66666666666,1.5433966716130574,2.3086199363072697
105,19.333333333333332,600.0,2.2161200443903604,367333.3333333333,1.9442100127538045,2.8011632760365797
106,14.0,400.0,1.8385100364685056,90700.0,1.2305500507354736,2.1792199611663796
107,35.666666666666664,1916.6666666666667,4.181123336156209,1942333.3333333333,6.007363160451253,6.236783186594646
108,4.0,90.0,1.2445650100708008,0.0,3.0152027458629536,1.139384984970095
109,20.333333333333332,1306.6666666666667,5.093770027160644,1147000.0,3.9555733601252236,5.587556600570676
110,11.666666666666666,330.0,1.7831666469573975,306000.0,1.7859800259272258,2.46423327922821
111,17.75,1117.5,5.0769049525260925,1344350.0,4.464697599411011,5.868104994297025
112,41.75,2047.5,3.8200775384902954,2307500.0,6.9494099617004395,6.567914962768556
113,23.5,1125.0,3.694974958896637,1056500.0,3.7221075892448425,4.657279968261718
114,11.5,315.0,1.8170974850654602,136750.0,1.4669466416041057,2.09273248910904
115,13.0,480.0,2.161684989929199,594500.0,3.0414732694625854,2.962145030498503
116,16.41485507246378,715.5120137299773,2.978873827819329,649043.6336765825,3.0152027458629536,3.543942889077894
117,14.666666666666666,716.6666666666666,3.554080088933309,415333.3333333333,2.0680366357167563,3.63428004582723
118,7.0,250.0,2.5372700691223145,24500.0,1.0597699880599976,2.4801299571991
119,28.25,1432.5,4.1605125069618225,1503750.0,4.875912368297577,5.58019244670868
120,16.333333333333332,746.6666666666666,3.0289834340413413,605333.3333333334,3.339004933834076,3.4250433842341104
121,26.75,1120.0,3.227737456560135,964300.0,3.4842500388622284,4.2554274797439575
122,8.5,260.0,2.0801649689674377,352000.0,1.9046499729156494,2.701129913330075
123,12.75,525.0,2.806019961833954,791250.0,3.037820041179657,3.760642409324645
124,8.0,365.0,3.323370099067688,334500.0,2.722440004348755,3.099954962730405
125,12.75,485.0,2.195064961910248,519525.0,2.78358002503713,2.8709349632263153
126,19.5,630.0,1.8428750038146973,662800.0,2.7064500451087956,3.0228599309921247
127,16.41485507246378,715.5120137299773,2.978873827819329,649043.6336765825,3.0152027458629536,3.543942889077894
128,13.5,430.0,1.78705495595932,92500.0,1.473829984664917,1.8685550689697252
129,25.5,1340.0,3.3315200805664062,1999500.0,6.154839992523193,5.83661997318268
130,4.5,165.0,2.565214991569519,0.0,3.0152027458629536,1.89206498861313
131,6.75,237.5,2.4906850457191467,311750.0,2.0688966512680054,2.7339274585247026
132,16.0,530.0,2.0989899933338165,149375.0,1.3819225132465363,2.4139449596405003
133,17.5,875.0,4.032255053520203,1155000.0,3.9762150049209595,4.99433016777039
134,4.0,110.0,1.7337000370025637,0.0,3.0152027458629536,1.41814994812012
135,31.25,1615.0,3.6983999609947205,1841000.0,5.745942413806915,5.812677323818207
136,10.0,240.0,1.4279900193214417,204000.0,2.0491199493408203,1.82784998416901
137,18.666666666666668,896.6666666666666,3.0121466716130576,665666.6666666666,3.5724799633026123,3.50415333112081
138,33.5,1525.0,3.3781824707984924,1780000.0,5.588577419519424,5.5404874086380005
139,23.333333333333332,793.3333333333334,1.9074232975641887,629666.6666666666,2.6209733088811236,3.010936617851257
140,17.5,720.0,2.68535253405571,711200.0,2.8313050270080566,3.5741774439811698
141,12.5,435.0,2.226419985294342,137200.0,1.3505150079727173,2.468670010566715
142,15.0,473.3333333333333,2.06739334265391,412300.0,2.0602099498113,2.7825133005777993
143,24.333333333333332,1070.0,2.690659999847412,921000.0,4.5605348944664,3.696343262990317
144,32.25,1310.0,3.0316050052642822,851000.0,3.1919649839401245,3.977062463760375
145,23.0,2000.0,7.550089836120605,2670000.0,7.884580135345459,9.22673988342285
146,26.333333333333332,1380.0,4.128340005874634,1282000.0,4.303846518198649,5.235816637674967
147,19.0,535.0,1.6254900097846985,50500.0,1.2571300268173218,1.7147249579429649
148,12.0,533.3333333333334,3.2146766185760502,889333.3333333334,3.2908500035603843,4.137760003407793
149,20.333333333333332,1020.0,3.842580000559489,1191666.6666666667,4.070803324381511,4.940136750539144
150,18.5,880.0,3.5641775131225586,162500.0,1.4157800078392029,3.2682949900627127
151,25.0,866.6666666666666,2.209083358446757,447133.3333333333,2.150076667467753,2.914479970932007
152,14.333333333333334,636.6666666666666,3.0458932717641196,894200.0,4.456825077533723,3.859399954477947
153,22.666666666666668,1003.3333333333334,2.978703339894613,939066.6666666666,3.4191532532374063,4.076396544774373
154,30.333333333333332,1060.0,2.59673003355662,713666.6666666666,2.8376733859380088,3.5272933642069497
155,13.25,500.0,2.4488625526428223,751425.0,2.9350799918174744,3.4985376298427555
156,15.75,787.5,2.887600064277649,899150.0,4.089379986127217,3.82378751039505
157,22.75,1002.5,2.9830149710178375,655750.0,2.6882599890232086,3.66229248046875
158,24.666666666666668,1076.6666666666667,3.4064699014027915,660333.3333333334,2.700083335240682,3.9103732109069838
159,37.5,1775.0,3.778530120849609,1578000.0,5.067460000514983,5.471660017967225
160,11.0,230.0,1.0889300107955933,88700.0,1.2253999710083008,1.74907004833221
161,10.5,330.0,2.165019989013672,86500.0,1.2197200059890747,2.359130024909975
162,36.333333333333336,1693.3333333333333,3.6576266288757324,2143333.3333333335,6.525896708170573,6.233956654866536
163,5.5,160.0,1.7511650323867798,55500.0,1.2829200029373171,1.7936949729919451
164,20.5,952.5,3.729712575674057,558075.0,2.436277538537979,3.9442474842071533
165,7.5,185.0,1.434785008430481,321500.0,1.8259650468826294,2.28846991062164
166,15.0,440.0,2.020384967327118,37850.0,1.0942150354385376,2.205175042152405
167,8.0,226.66666666666666,1.641303300857544,143333.33333333334,2.1058700084686284,1.76556662718455
168,11.0,230.0,1.0889300107955933,88700.0,1.2253999710083008,1.74907004833221
169,8.5,247.5,1.8406625092029572,118750.0,1.4050333499908447,2.079694986343385
170,32.0,1560.0,3.757205069065094,1180000.0,4.040707439184189,4.874327480793
171,31.25,1470.0,3.2764675021171574,1262000.0,4.252249896526337,4.72090494632721
172,16.0,886.6666666666666,3.661623239517212,1075233.3333333333,3.7704333861668906,4.66581662495931
173,9.0,300.0,2.3043498992919917,34700.0,1.0860899686813354,2.362380027771
174,7.25,220.0,1.9558424651622772,60050.0,1.2031233708063762,2.0590324997901925
175,8.0,186.66666666666666,1.3638799985249836,93700.0,1.2382933298746746,1.9131266673405964
176,7.333333333333333,200.0,1.6250032981236775,214900.0,1.8281599879264832,2.0508200327555333
177,15.0,513.3333333333334,2.618206620216369,499666.6666666667,2.9301150441169743,3.0355632305145233
178,17.0,493.3333333333333,1.881666660308838,74700.0,1.1892766952514648,2.1802933216094997
179,6.0,120.0,1.0,8100.0,1.059260010719299,1.2012333472569798
180,10.333333333333334,473.3333333333333,2.891303300857544,72333.33333333333,1.556380033493042,2.37358331680298
181,7.0,170.0,1.3668500185012817,26700.0,1.1343300342559814,1.53231996297836
182,12.5,565.0,3.687040090560913,107850.0,1.2747949957847595,3.2579649686813346
183,16.41485507246378,715.5120137299773,2.978873827819329,649043.6336765825,3.0152027458629536,3.543942889077894
184,21.333333333333332,930.0,2.544386625289917,1117000.0,5.3189897537231445,3.9011533260345463
185,21.333333333333332,930.0,2.544386625289917,1117000.0,5.3189897537231445,3.9011533260345463
186,5.0,240.0,3.7391300201416016,0.0,3.0152027458629536,2.56111001968384
187,20.5,860.0,2.3502449989318848,540950.0,2.392099976539612,3.132869958877565
188,11.0,310.0,1.8004000186920166,34000.0,1.084280014038086,2.07413005828857
189,10.75,325.0,1.7826074361801147,358750.0,2.2305633227030435,2.3994774818420397
190,42.0,1933.3333333333333,3.243356704711914,1650333.3333333333,5.254066626230875,5.27300000190735
191,11.75,310.0,1.6032600104808807,685750.0,3.3553467194239297,2.778050005435945
192,9.666666666666666,470.0,3.7391300201416016,72066.66666666667,1.2754449844360352,3.045716683069863
193,22.0,737.5,2.351122498512268,142000.0,1.362897515296936,2.5467975139617924
194,30.5,1420.0,4.493652522563934,1472500.0,4.795295000076294,5.724110007286073
195,32.5,1550.0,3.7438700199127197,2250000.0,6.801069974899292,6.439939975738525
196,12.0,595.0,3.5600975155830383,405625.0,2.391800045967102,3.481440007686615
197,10.0,723.3333333333334,5.76185671488444,863000.0,4.336095094680786,5.361430009206136
198,18.0,872.5,3.849307596683502,360750.0,1.927225023508072,3.722285091876985
199,18.0,872.5,3.849307596683502,360750.0,1.927225023508072,3.722285091876985
200,4.0,90.0,1.244570016860962,0.0,3.0152027458629536,1.13937997817993
201,11.5,350.0,2.0292524993419647,264800.0,1.9074033498764038,2.4019150137901324
202,18.5,625.0,2.5370549857616425,109975.0,1.2802800238132477,2.6056799292564428
203,24.333333333333332,990.0,3.000803311665853,1317333.3333333333,4.395000060399373,4.645153284072873
204,17.5,750.0,3.0559050738811493,466250.0,2.1993924975395203,3.425217509269715
205,15.5,670.0,2.7008000016212463,347200.0,2.1908332904179892,2.905795037746432
206,12.5,630.0,3.346964955329895,218000.0,1.5589600205421448,3.2260999679565447
207,10.75,270.0,1.5147875249385834,141975.0,1.4849199851353962,1.9281174838542952
208,12.0,435.0,2.5023300647735596,95600.0,1.2431999444961548,2.56475496292114
209,9.666666666666666,346.6666666666667,2.5398534138997397,166966.66666666666,1.4273066918055217,2.6910700003306096
210,33.25,1372.5,2.9833099842071533,960500.0,3.4744499921798706,4.110532462596892
211,27.75,1310.0,3.6130775213241577,1605250.0,5.137760043144226,5.41742742061615
212,4.5,220.0,3.836954951286316,0.0,3.0152027458629536,2.616865038871765
213,22.0,1027.5,3.5774199962615962,1004000.0,3.5866675674915314,4.513089954853058
214,22.0,1027.5,3.5774199962615962,1004000.0,3.5866675674915314,4.513089954853058
215,33.25,1295.0,2.6472874879837036,842000.0,3.1687474846839905,3.7447974681854226
216,34.25,2002.5,4.944127559661865,2176250.0,6.610814839601517,7.015564918518067
217,34.5,1967.5,4.808624982833862,2038750.0,6.256094723939896,6.736174821853638
218,28.25,1210.0,2.6610250174999237,878500.0,3.2629074454307556,3.8062899708747873
219,40.0,1927.5,3.7530200481414795,936500.0,3.4125349819660187,4.513927459716795
220,29.0,1512.5,3.9427075386047363,2217500.0,8.624116738637289,6.363485038280488
221,5.0,183.33333333333334,2.234473387400309,0.0,3.0152027458629536,1.7035599549611433
222,4.333333333333333,156.66666666666666,2.6956500609715786,0.0,3.0152027458629536,1.9664034048716232
223,39.333333333333336,1750.0,3.4713865915934243,2313333.3333333335,6.964460055033366,6.377763271331787
224,9.25,310.0,2.3467525243759155,639125.0,3.1949700911839805,3.1332349777221697
225,19.75,997.5,4.019132494926453,1180000.0,4.040707498788834,5.023607492446899
226,25.666666666666668,1320.0,3.807903289794922,1640000.0,5.22740654150645,5.579556624094647
227,26.333333333333332,1460.0,3.8388733863830566,1903333.3333333333,5.906749963760376,5.984380006790164
228,14.5,520.0,2.927175045013428,343500.0,2.7688798904418945,2.8873850107193
229,6.0,120.0,1.0,16100.0,1.038100004196167,1.59165000915527
230,4.5,170.0,2.80978000164032,14550.0,1.0716400146484375,2.33683001995087
231,21.0,590.0,1.7594850063323975,257900.0,1.661894977092743,2.3800149559974675
232,22.666666666666668,1063.3333333333333,3.368419965108236,1228166.6666666667,4.164966702461243,4.72356661160787
233,12.333333333333334,516.6666666666666,3.171053330103556,785933.3333333334,3.024103363355001,3.960873285929363
234,5.0,160.0,2.173909902572632,0.0,3.0152027458629536,1.66904997825623
235,18.333333333333332,943.3333333333334,2.8586934010187783,1490200.0,4.840956687927246,4.818323294321696
236,21.75,865.0,2.758464992046356,796525.0,3.0514274537563324,3.7412976026535025
237,27.25,1252.5,3.952710032463074,1053750.0,4.62115995089213,4.658135056495667
238,17.75,965.0,4.0502700209617615,1822025.0,5.696989923715591,5.98531997203827
239,20.0,1076.6666666666667,3.844306707382202,614333.3333333334,2.5814133087793985,4.092273394266766
240,20.333333333333332,746.6666666666666,2.5683233737945557,400600.0,2.0300300121307373,3.0508033434549966
241,25.0,860.0,2.408699989318848,687000.0,2.7688798904418945,3.38091993331909
242,30.75,1520.0,3.9471824765205383,946500.0,3.4383299052715306,4.639289915561673
243,30.75,1520.0,3.9471824765205383,946500.0,3.4383299052715306,4.639289915561673
244,8.666666666666666,273.3333333333333,1.9092833201090496,481666.6666666667,2.860460042953491,2.6050632794698068
245,25.0,1107.5,3.450755000114441,1575000.0,5.059722542762756,5.28043746948242
246,9.0,290.0,2.1956501007080083,28900.0,1.071120023727417,2.29189991950989
247,33.25,1685.0,3.8040850162506104,1308500.0,4.372209906578064,5.089979887008668
248,8.5,312.5,2.418480008840561,393600.0,3.0273700356483464,2.6711224913597125
249,13.0,800.0,5.681697487831116,1663500.0,5.288032591342926,6.682037591934203
250,15.0,625.0,2.9541800022125244,600500.0,2.5457249879837036,3.56462502479553
251,10.0,225.0,1.2445650100708008,38850.0,1.0967950224876404,1.7644799947738647
252,15.75,652.5,3.0823000073432922,282750.0,1.9691466887791949,3.028464972972867
253,12.5,470.0,2.816770076751709,134000.0,1.6879500150680542,2.516435027122495
254,21.666666666666668,1140.0,3.32452662785848,1618666.6666666667,5.172369877497355,5.272699912389121
255,6.5,205.0,2.019024968147278,131000.0,1.6724699735641482,2.05736494064331
256,8.0,332.5,3.1879850029945374,64250.0,1.3280699849128723,2.62544995546341
257,35.5,1560.0,3.0964099764823914,1975000.0,6.091634809970856,5.666602492332458
258,31.75,1480.0,3.479507565498352,1141750.0,3.942032516002655,4.659820020198823
259,14.5,405.0,1.8315200209617615,557000.0,2.4335049986839294,2.86083495616913
260,14.5,405.0,1.8315200209617615,557000.0,2.4335049986839294,2.86083495616913
261,35.0,2053.3333333333335,5.476413249969482,1710000.0,5.407993316650391,6.6334064801534005
262,31.5,1680.0,4.229169845581055,2870000.0,8.400534868240356,7.62810492515564
263,27.75,1137.5,2.828517496585846,1075000.0,3.7698299288749695,4.190662443637848
264,39.5,1575.0,2.8054749965667725,1227750.0,4.163894951343536,4.402117431163788
265,32.0,1160.0,2.589769959449768,618000.0,2.5908766587575274,3.382669925689697
266,16.0,522.5,2.117465019226074,382825.0,1.9841749966144562,2.7677150070667302
267,17.0,550.0,2.208440065383911,452000.0,2.1626300811767583,2.9212698936462402
268,16.41485507246378,715.5120137299773,2.978873827819329,649043.6336765825,3.0152027458629536,3.543942889077894
269,7.75,215.0,1.6486800014972687,131400.0,1.6745349764823916,1.84688499569893
270,9.0,350.0,2.847830057144165,149000.0,1.3809599876403809,2.8401799201965297
271,36.333333333333336,1773.3333333333333,3.8977500597635903,1472000.0,4.794003287951151,5.383753379185997
272,14.25,582.5,3.005352556705475,327500.0,1.841447502374649,3.192402482032775
273,18.5,707.5,2.359905034303665,379000.0,2.300219972928365,2.758269995450972
274,4.0,80.0,1.0,0.0,3.0152027458629536,1.0
275,12.666666666666666,720.0,4.328803380330403,1801333.3333333333,5.643610080083211,6.113639990488687
276,25.25,1227.5,3.898667573928833,948250.0,4.258269906044006,4.47222000360489
277,15.5,785.0,3.7792725563049316,677500.0,2.7443675100803375,4.148084998130795
278,19.0,790.0,3.110980033874512,1930000.0,5.9755401611328125,5.608749866485599
279,26.5,1340.0,3.72883003950119,1662500.0,5.285452514886856,5.567572474479677
280,33.5,1715.0,4.427602529525757,1620750.0,5.177745014429092,5.904439985752105
281,10.333333333333334,306.6666666666667,1.7929867108662922,254333.33333333334,1.9807550311088564,2.204536596934
282,17.5,840.0,3.1990000009536743,545000.0,2.4025500416755676,3.6225550174713153
283,29.75,1580.0,4.013135015964508,1248250.0,4.21677753329277,5.12053745985031
284,12.0,586.6666666666666,3.842106660207113,108266.66666666667,1.4155250191688538,3.1576299667358403
285,12.0,500.0,2.980977475643158,76875.0,1.260996659596761,2.668024957180025
286,11.75,372.5,2.014237493276596,173500.0,1.8917500376701355,2.117122501134875
287,21.333333333333332,1076.6666666666667,4.035116672515869,951333.3333333334,3.450800100962321,4.696509997049967
288,16.5,822.5,3.743255078792572,290750.0,1.7466400265693665,3.5589225292205824
289,16.0,667.5,2.874442547559738,277000.0,1.7111675143241882,3.04354250431061
290,5.0,165.0,2.1413049697875977,46250.0,1.235200047492981,2.00244998931885
291,25.333333333333332,1126.6666666666667,2.8614133993784585,1082000.0,5.183550000190734,4.030376672744754
292,12.666666666666666,540.0,3.208073377609253,106266.66666666667,1.270716627438863,2.98266331354777
293,8.5,205.0,1.3483200073242188,37000.0,1.0920199751853943,1.820890009403225
294,8.0,203.33333333333334,1.4456499814987183,546666.6666666666,5.227409839630127,2.247073411941527
295,19.5,705.0,2.6099449396133423,182500.0,1.4673799872398376,2.7538551092147854
296,14.5,612.5,3.212457537651062,433250.0,2.1142599880695343,3.4659225940704355
297,12.0,375.0,2.1529500484466553,59400.0,1.1498050093650818,2.3124099969863896
298,26.75,1377.5,3.81181001663208,1342000.0,4.458632439374925,5.143637418746948
299,23.0,720.0,2.1058599948883057,160000.0,1.4093300104141235,2.43348002433777
300,6.0,130.0,1.163040041923523,8340.0,1.0180799961090088,1.6731599569320699
301,11.666666666666666,346.6666666666667,1.9652166763941448,167700.0,1.4291966358820598,2.364643335342407
302,8.333333333333334,220.0,1.5298900206883748,52096.666666666664,1.1309666633605957,1.94657333691915
303,14.0,430.0,2.004420042037964,243000.0,1.623455047607422,2.4976999759674055
304,8.0,220.0,1.7337000370025637,168000.0,1.4299700260162354,2.23313999176025
305,22.5,1275.0,3.3641300797462463,2050000.0,6.285115003585815,5.929455041885375
306,8.0,175.0,1.0917125046253204,119357.5,1.407123327255249,1.653739988803865
307,7.333333333333333,400.0,4.206523259480795,340000.0,3.627939939498901,3.5167133808136
308,29.5,1410.0,3.8251225352287292,1482500.0,4.821092426776886,5.357800006866458
309,25.0,1147.5,3.750327467918396,1021750.0,3.6324599981307983,4.637735009193423
310,39.0,1945.0,3.9653525352478027,2511750.0,7.476329863071442,6.951017498970033
311,9.0,290.0,2.1956549882888794,131850.0,1.3367149829864502,2.44326996803284
312,21.666666666666668,976.6666666666666,2.6199299494425454,1272333.3333333333,5.920079708099365,4.172593275705974
313,27.333333333333332,1343.3333333333333,4.039400100708008,572666.6666666666,2.473923405011495,4.14220333099365
314,30.0,1277.5,3.1294649839401245,1205500.0,4.106495022773743,4.5540523529052725
315,9.0,406.6666666666667,2.919466654459635,508333.3333333333,2.9636499881744385,3.2200066248575836
316,26.0,1412.5,4.225927472114563,1256500.0,4.238059908151627,5.253944933414458
317,23.0,720.0,2.1058599948883057,160000.0,1.4093300104141235,2.43348002433777
318,14.0,556.6666666666666,2.5217366218566895,253533.33333333334,1.650629957516988,2.80802329381307
319,10.0,240.0,1.3285566568374634,576233.3333333334,3.226404905319214,2.41313008467356
320,11.25,445.0,2.7866850793361664,266975.0,1.6853049993515015,2.978789925575255
321,5.0,110.0,1.1956499814987185,0.0,3.0152027458629536,1.1115100383758503
322,9.0,210.0,1.3260899782180786,595000.0,2.5315399169921875,2.6286399364471404
323,14.0,410.0,1.5529299974441528,114050.0,1.2907900214195251,2.050790011882785
324,26.0,1395.0,3.8673149943351746,2258750.0,6.823644936084747,6.523159921169283
325,24.0,1040.0,2.8889575004577637,937500.0,4.221293369928996,3.8809475898742676
326,4.0,80.0,1.0,0.0,3.0152027458629536,1.0
327,39.0,1920.0,3.8278867403666177,2430000.0,7.265433311462402,6.75247319539388
328,4.5,90.0,1.0,34050.0,1.1722500324249268,1.3340499997139
329,16.41485507246378,715.5120137299773,2.978873827819329,649043.6336765825,3.0152027458629536,3.543942889077894
330,19.75,820.0,3.031612515449524,438000.0,2.126514971256256,3.3698350191116346
331,31.5,1585.0,3.827114999294281,1854500.0,5.780769854784012,5.905882298946381
332,24.75,1287.5,4.025480091571808,1183000.0,4.048447519540787,5.03163743019104
333,16.41485507246378,715.5120137299773,2.978873827819329,649043.6336765825,3.0152027458629536,3.543942889077894
334,23.75,1032.5,3.0813199579715724,1250350.0,4.222197562456131,4.59255737066269
335,21.0,817.5,3.0351325273513794,477250.0,2.227767527103424,3.4295499324798553
336,19.666666666666668,983.3333333333334,3.00848658879598,1182000.0,5.570519804954529,4.261226654052737
337,32.666666666666664,1563.3333333333333,3.7845266660054526,1986666.6666666667,6.121730009714763,6.075933456420899
338,5.0,110.0,1.1956499814987185,0.0,3.0152027458629536,1.1115100383758503
339,6.333333333333333,166.66666666666666,1.4347832997639973,16933.333333333332,1.0620949864387512,1.65134334564209
340,16.41485507246378,715.5120137299773,2.978873827819329,649043.6336765825,3.0152027458629536,3.543942889077894
341,20.5,795.0,2.7935750484466553,890250.0,3.2932175397872925,3.8991100192070003
342,12.666666666666666,630.0,3.3804334004720054,123666.66666666667,1.315600037574768,3.106476704279583
343,19.0,822.5,3.5528125166893005,741750.0,3.5479699770609536,3.97149008512497
344,17.666666666666668,673.3333333333334,2.747529983520508,283000.0,1.7266466617584229,2.9800333182017003
345,21.5,887.5,3.1703974902629852,494500.0,2.2722724974155426,3.532004952430725
346,11.666666666666666,400.0,2.258400003115336,144666.66666666666,1.5563799738883972,2.3085500399271632
347,8.0,370.0,3.567929983139038,85100.0,1.2161099910736084,3.15664005279541
348,21.25,975.0,3.5584749579429626,1122500.0,3.8923700153827667,4.6765225529670715
349,20.75,1282.5,5.220602512359619,1774000.0,5.5730975568294525,6.581712424755097
350,24.5,1235.0,3.971014857292175,1413500.0,4.6430851221084595,5.339494943618775
351,30.0,1823.3333333333333,5.480956554412842,1671333.3333333333,5.308240016301473,6.579143206278481
352,25.0,1060.0,3.102123260498047,695666.6666666666,2.791236678759257,3.788866599400837
353,29.5,1525.0,3.876330077648163,1075750.0,3.7717674672603607,4.788944959640503
354,26.75,1480.0,4.471677601337433,948000.0,3.4422000348567963,4.940420031547547
355,21.75,1367.5,5.13602751493454,1944250.0,6.012305021286011,6.783827424049378
356,12.5,430.0,2.405880033969879,552950.0,2.423059970140457,3.1822225451469404
357,21.0,952.5,3.1607149243354797,907750.0,3.3383648693561554,4.134084999561308
358,18.5,650.0,2.67391499876976,477500.0,2.2284149825572968,3.2240499854087803
359,16.5,530.0,2.197962522506714,585250.0,2.5063849687576294,3.111214995384217
360,18.333333333333332,783.3333333333334,3.0701266129811606,371166.6666666667,1.9540967146555583,3.293520053227743
361,6.333333333333333,166.66666666666666,1.9456500212351482,8100.0,1.059260010719299,1.74019002914429
362,11.0,363.3333333333333,2.2872699896494546,268900.0,1.690273364384969,2.69698667526245
363,14.5,470.0,2.131857484579086,243000.0,1.6234550178050995,2.5703324377536774
364,10.0,420.0,3.078803380330404,106300.0,1.270799994468689,2.9090399742126465
365,12.0,435.0,2.6413049697875977,341500.0,1.8775650262832642,3.0055049657821646
366,14.0,460.0,1.984013279279073,142333.33333333334,1.5473549962043762,2.148739973704017
367,10.25,350.0,2.5957874953746796,230950.0,1.7909666697184246,2.675027430057525
368,19.0,876.6666666666666,4.051630020141602,923333.3333333334,8.142560005187987,4.28610666592916
369,10.0,265.0,1.553629994392395,283000.0,1.7266499400138855,2.299600005149845
370,5.0,100.0,1.0,0.0,3.0152027458629536,1.0
371,8.5,260.0,1.985675036907196,430000.0,2.1058749556541443,2.76195991039276
372,15.0,400.0,1.652169942855835,1640000.0,5.227409839630127,4.3509402275085405
373,22.75,1042.5,3.5505500435829163,773750.0,2.992675006389618,4.15924507379532
374,17.0,766.6666666666666,2.9887733459472656,376333.3333333333,2.4528550505638123,3.06542670726776
375,8.0,230.0,1.8559800386428835,101000.0,1.2571300268173218,2.20431995391846
376,26.5,1330.0,3.9494150876998897,1073000.0,3.7646700739860535,4.8265498876571655
377,10.666666666666666,450.0,2.829710006713867,338666.6666666667,2.307099938392639,2.9193932612737004
378,23.5,1100.0,3.596970021724701,529475.0,2.3624975085258484,3.8265449404716496
379,10.0,463.3333333333333,3.34989333152771,258333.33333333334,1.6630133390426636,3.2870699564615897
380,6.0,156.66666666666666,1.7608700195948284,203333.33333333334,2.570230007171631,1.9219267368316633
381,7.0,155.0,1.22010999917984,10300.0,1.049710035324097,1.424574971199035
382,16.0,710.0,2.8200800021489463,297333.3333333333,2.1471500396728516,2.853130022684734
383,31.25,1392.5,3.431425094604492,976000.0,3.5144349932670593,4.388717472553253
384,15.5,490.0,1.704349994659424,351550.0,1.9034899473190308,2.48628497123718
385,17.5,775.0,3.2654449939727783,367500.0,1.9446350336074831,3.3994499444961552
386,24.0,1210.0,3.964726765950521,1308100.0,4.371176679929097,5.180946588516237
387,16.41485507246378,715.5120137299773,2.978873827819329,649043.6336765825,3.0152027458629536,3.543942889077894
388,14.0,576.6666666666666,2.824530045191447,171333.33333333334,1.4385733207066853,2.8597366015116368
389,7.25,200.0,1.8087325394153595,195750.0,1.6698933045069377,2.174710035324095
390,5.0,130.0,1.6032633781433105,107000.0,1.824679970741272,1.6904600461324033
391,10.333333333333334,300.0,1.5316633383433025,53333.333333333336,1.4093300104141235,1.5707499980926531
392,18.75,877.5,3.1687174439430237,1058000.0,4.635779817899068,4.217562407255173
393,31.333333333333332,1500.0,3.728260040283203,1475333.3333333333,4.802603363990784,5.292060057322184
394,13.0,720.0,4.187497556209564,87250.0,1.4467400312423706,3.2289201021194454
395,9.25,297.5,2.454290062189102,434900.0,2.1185149550437927,3.0362475514411953
396,11.0,1170.0,9.448619842529297,2460000.0,7.342830181121826,10.0
397,12.666666666666666,380.0,1.6546799739201863,107666.66666666667,1.4132049679756165,1.9100733200709035
398,16.333333333333332,640.0,3.0169432957967124,594666.6666666666,2.530680020650228,3.59182325998942
399,7.0,146.66666666666666,1.093166669209798,13766.666666666666,1.0498449802398682,1.45199000835419
400,22.25,912.5,2.9099649786949158,936250.0,3.411887496709823,4.033077478408813
401,24.75,1282.5,3.886322557926178,910500.0,3.3454600274562836,4.55167245864868
402,14.75,700.0,3.665690004825592,121025.0,1.3087874948978424,3.265169978141785
403,14.0,450.0,2.1822850704193115,322500.0,1.8285500407218935,2.715959906578065
404,21.75,1035.0,3.4719200134277344,856200.0,3.205375075340271,4.235657453536985
405,34.0,1797.5,4.026369988918304,2147500.0,6.53664493560791,6.450239777565003
406,9.75,370.0,2.6200800240039825,297550.0,1.7641824781894684,2.92878746986389
407,9.333333333333334,373.3333333333333,2.9245967070261636,124733.33333333333,1.4792450070381165,2.6589267253875732
408,6.333333333333333,190.0,1.8152166207631428,5966.666666666667,1.0427500009536743,1.6627132892608667
409,16.41485507246378,715.5120137299773,2.978873827819329,649043.6336765825,3.0152027458629536,3.543942889077894
410,22.75,1287.5,4.91328239440918,1260000.0,4.247090041637421,5.650829851627348
411,26.0,1400.0,4.311039924621582,861000.0,3.2177600860595703,4.72095012664795
412,19.0,700.0,2.9012049436569214,165500.0,1.4235199689865112,2.89486002922058
413,16.5,730.0,3.2922425866127014,311500.0,1.8001675307750702,3.332385003566743
414,17.666666666666668,640.0,2.306160012880961,238266.66666666666,1.9185799360275269,2.4733900229136134
415,17.25,1067.5,4.899750053882599,813975.0,3.0964425206184387,4.987332463264464
416,29.75,1565.0,4.497747540473938,2197500.0,6.66563493013382,6.79240745306015
417,18.25,747.5,2.9536324441432953,747750.0,2.9255999922752376,3.7808149456977826
418,27.0,1170.0,3.066325008869171,906250.0,3.334492474794388,4.078082382678986
419,23.666666666666668,1050.0,3.8075067599614463,1586000.0,5.088099956512451,5.49993666013082
420,25.0,740.0,1.9765149950981142,168000.0,1.4299750328063965,2.371524930000305
421,16.41485507246378,715.5120137299773,2.978873827819329,649043.6336765825,3.0152027458629536,3.543942889077894
422,19.0,967.5,3.177519977092743,1178075.0,5.048799912134807,4.399124830961227
423,9.0,390.0,3.2826099395751958,204000.0,1.5228400230407717,3.16883993148804
424,20.0,1055.0,4.361574888229371,665200.0,2.7126399278640747,4.461865067481995
425,7.0,225.0,2.711954951286316,26700.0,1.1343300342559814,2.29894000291824
426,8.0,303.3333333333333,2.7527167002360025,301333.3333333333,1.7739400068918865,3.0099466641743997
427,4.0,90.0,1.244570016860962,0.0,3.0152027458629536,1.13937997817993
428,18.25,960.0,3.7989125847816467,1090200.0,3.8090450167655945,4.766064941883087
429,11.5,732.5,4.329442501068115,621750.0,3.1352067391077676,4.237677425146102
430,5.0,170.0,2.369570016860962,0.0,3.0152027458629536,1.7805500030517598
431,29.5,1335.0,3.071315050125122,1404000.0,4.618579924106598,4.812764883041385
432,30.0,1650.0,4.2911399602890015,2370000.0,7.110644817352296,6.928279876708986
433,12.0,480.0,2.9565200805664062,84800.0,1.2153300046920776,2.80772995948792
434,20.0,955.0,3.0208324790000916,632500.0,4.259989976882935,3.3656773865222926
435,23.666666666666668,1080.0,3.8435134092966714,1456666.6666666667,4.754446824391683,5.330296675364177
436,23.0,1075.0,3.2017250657081604,1510500.0,4.893325060606003,5.0436749458313
437,8.25,260.0,2.070442497730255,250500.0,2.2890400290489197,2.262369960546495
438,25.5,1230.0,3.7692849040031433,1073250.0,3.7653175592422485,4.724257469177248
439,17.666666666666668,813.3333333333334,3.63153338432312,369266.6666666667,2.4255099296569824,3.42136327425639
440,19.666666666666668,683.3333333333334,2.4584966897964478,567000.0,2.4592999617258706,3.2328700224558538
441,8.0,310.0,2.834239959716797,2270000.0,6.852670192718506,5.95092010498047
442,9.0,350.0,2.847830057144165,149000.0,1.3809599876403809,2.8401799201965297
443,18.25,802.5,3.0171700417995453,333000.0,1.855635017156601,3.2072249650955174
444,10.0,440.0,3.03804341952006,245933.33333333334,1.9482499957084656,2.90178326765696
445,16.41485507246378,715.5120137299773,2.978873827819329,649043.6336765825,3.0152027458629536,3.543942889077894
446,16.41485507246378,715.5120137299773,2.978873827819329,649043.6336765825,3.0152027458629536,3.543942889077894
447,28.25,1585.0,5.169229984283447,1333775.0,4.437415033578873,5.905172348022458
448,9.333333333333334,263.3333333333333,1.9006199836730957,153333.33333333334,1.5899199843406677,2.1173866987228367
449,9.0,703.3333333333334,7.290513277053833,836800.0,3.1553300619125366,6.38346004486084
450,19.5,760.0,2.5766974687576294,312000.0,1.8014599680900574,2.925310015678405
451,20.5,947.5,3.828659951686859,379000.0,2.3002167145411176,3.5953549742698647
452,4.0,80.0,1.0,0.0,3.0152027458629536,1.0
453,16.41485507246378,715.5120137299773,2.978873827819329,649043.6336765825,3.0152027458629536,3.543942889077894
454,18.25,532.5,1.7171375155448914,104500.0,1.3560166756312053,1.98834252357483
455,11.5,507.5,3.022052526473999,220325.0,1.5649574995040894,3.0443424582481398
456,7.75,252.5,1.9836925268173218,28425.0,1.1432250142097473,1.8864174485206622
457,6.5,270.0,2.96875,42550.0,1.2161099910736084,2.468595027923585
458,15.0,652.5,3.2624925374984746,215700.0,1.553030014038086,3.1745774745941153
459,18.333333333333332,1060.0,4.2754332224528,1128000.0,3.9065600633621216,5.093226671218873
460,18.25,720.0,2.8169299364089966,268750.0,1.6898850202560425,2.9986324310302725
461,14.333333333333334,1030.0,5.688143332799275,1362066.6666666667,4.51039997736613,6.242516676584876
462,17.75,970.0,4.633887469768524,1555000.0,5.008127599954605,5.925334990024566
463,21.333333333333332,1006.6666666666666,4.247283299763997,1303333.3333333333,6.0400400161743155,5.1456499894460075
464,19.5,640.0,2.2359049320220947,210000.0,1.538325011730194,2.58111000061035
465,24.25,1050.0,2.8751675188541412,1190750.0,4.068439990282059,4.38743245601654
466,24.25,1050.0,2.8751675188541412,1190750.0,4.068439990282059,4.38743245601654
467,26.75,1445.0,4.499174952507019,1756275.0,5.527369886636734,6.144487500190735
468,28.25,1322.5,3.5195724964141846,1608500.0,5.14614498615265,5.368912339210508
469,18.75,1205.0,5.719857454299927,1667250.0,5.297707438468934,6.709299862384796
470,25.0,1227.5,3.9799100160598755,1382500.0,5.751963376998901,5.156992554664612
471,14.5,1225.0,6.965260028839111,2225000.0,6.73658013343811,8.239150047302244
472,46.0,2030.0,3.338629961013794,2065000.0,6.323814868927002,5.9369797706604
473,7.75,222.5,1.7214650213718414,149350.0,1.510289986928304,2.0567525029182425
474,24.0,1180.0,3.824400027592977,1026666.6666666666,3.645140051841736,4.687176624933877
475,31.333333333333332,1780.0,5.888286590576172,1696666.6666666667,7.562109708786011,6.6592165629069
476,8.0,330.0,3.119565010070801,529000.0,2.3612749576568604,3.5537600517272954
477,17.0,985.0,4.7771700620651245,1758500.0,5.533110022544861,6.30619978904724
478,8.333333333333334,180.0,1.1594200134277344,125566.66666666667,1.3205033540725708,1.8434499502181965
479,18.5,607.5,2.2281424701213837,522750.0,2.3451474606990814,3.036522567272188
480,7.0,170.0,1.3668500185012817,26700.0,1.1343300342559814,1.53231996297836
481,15.0,625.0,2.710790038108826,155500.0,1.3977250456809998,2.77163004875183
482,26.0,1110.0,2.2024450302124023,1385000.0,8.142560005187987,4.005650043487551
483,14.0,570.0,3.026400089263916,148000.0,1.3783799409866333,2.94047999382019
484,14.666666666666666,526.6666666666666,2.4156334002812705,239333.33333333334,1.6139966646830242,2.72667328516642
485,13.25,502.5,2.8336424827575684,137025.0,1.3500624895095825,2.8144850134849553
486,9.5,375.0,2.6562500596046448,197450.0,1.6757399638493855,2.6602325141429923
487,32.0,1487.5,3.3205475211143494,1179750.0,4.040067493915558,4.625097334384917
488,14.666666666666666,640.0,3.2198098897933956,895633.3333333334,4.4623700976371765,3.9606232643127437
489,48.0,2140.0,3.4048900604248047,2770000.0,8.142560005187987,7.0113000869751
490,9.0,237.5,1.7251150012016296,164050.0,1.8429949879646301,1.938452541828155
491,25.0,953.3333333333334,2.5436166524887085,288566.6666666667,1.741010030110677,2.872000018755594
492,11.666666666666666,553.3333333333334,3.581523338953654,778666.6666666666,4.009750008583069,3.994796713193257
493,23.25,1172.5,4.08449000120163,1226250.0,4.160025089979172,5.128857374191282
494,30.0,1225.0,2.6559374630451202,1179250.0,4.038772433996201,4.24558240175247
495,16.41485507246378,715.5120137299773,2.978873827819329,649043.6336765825,3.0152027458629536,3.543942889077894
496,26.25,877.5,2.4952800273895264,373000.0,1.9588249623775482,2.9685949683189374
497,4.0,120.0,1.9782600402832031,0.0,3.0152027458629536,1.55754005908966
498,8.5,395.0,3.201085090637207,59550.0,1.1501950025558472,2.90999001264572
499,21.75,842.5,2.8095799386501312,733750.0,2.8894824683666225,3.6781299114227273
500,16.41485507246378,715.5120137299773,2.978873827819329,649043.6336765825,3.0152027458629536,3.543942889077894
501,16.333333333333332,576.6666666666666,2.578030069669088,448333.3333333333,2.1531699895858765,3.1265165805816633
502,11.333333333333334,323.3333333333333,1.8668466409047444,148333.33333333334,1.3792366584142048,2.2801099618275966
503,10.0,752.5,5.352064907550812,998575.0,4.431373397509257,5.374544858932496
504,17.75,627.5,2.344615012407303,272250.0,1.933026631673177,2.5926025509834276
505,29.75,1595.0,4.689562439918518,1252500.0,4.227745026350021,5.512299895286557
506,4.5,95.0,1.122285008430481,0.0,3.0152027458629536,1.069689989089965
507,6.0,175.0,1.7337000370025635,82500.0,1.4222300052642822,1.8234399557113652
508,14.5,495.0,2.3879899978637695,99250.0,1.252614974975586,2.50495505332947
509,21.25,890.0,2.51640248298645,904750.0,4.108643174171448,3.620467483997345
510,21.25,955.0,3.422837495803833,442250.0,2.1374775171279907,3.5990549921989428
511,21.0,635.0,2.016239941120148,292000.0,1.7498649954795837,2.5764799118041948
512,4.0,200.0,3.9347798824310303,0.0,3.0152027458629536,2.67262005805969
513,20.333333333333332,1070.0,4.3225899537404375,1898000.0,5.892990191777547,6.252223332722981
514,12.5,465.0,2.7401749491691585,635500.0,2.636020004749298,3.494119942188265
515,6.0,130.0,1.163040041923523,8340.0,1.0180799961090088,1.6731599569320699
516,26.75,1552.5,5.0746824741363525,2420000.0,7.239634990692139,7.448357343673705
517,5.5,150.0,1.9782600402832031,47000.0,1.2390700578689575,1.91063004732132
518,15.333333333333334,513.3333333333334,2.425273299217224,608333.3333333334,3.350620031356812,3.0853765805562303
519,11.333333333333334,460.0,2.9898133277893066,158733.33333333334,1.406066656112671,2.935410022735597
520,12.333333333333334,450.0,2.342709938685099,298333.3333333333,1.7662033240000408,2.7718600432078033
521,17.0,970.0,4.951367557048798,687250.0,2.7695225179195404,4.830430030822753
522,8.5,180.0,1.1187900304794312,171950.0,1.440160036087036,1.8884899616241448
523,16.333333333333332,756.6666666666666,2.9451600710550943,178000.0,1.4557700157165527,2.9382899602254233
524,16.41485507246378,715.5120137299773,2.978873827819329,649043.6336765825,3.0152027458629536,3.543942889077894
525,14.0,495.0,2.193179965019226,247000.0,1.633774995803833,2.611164927482605
526,10.0,305.0,1.9930800199508667,374500.0,1.9626999497413635,2.684579968452455
527,12.666666666666666,470.0,2.901599923769633,133400.0,1.5127800107002258,2.658566713333133
528,16.5,780.0,4.6198650598526,666250.0,3.288273294766744,4.46862995624542
529,19.333333333333332,760.0,2.7286267280578613,464000.0,2.1935866276423135,3.235379934310913
530,5.0,170.0,2.3695650696754456,0.0,3.0152027458629536,1.780555069446565
531,8.0,300.0,2.891586701075236,228000.0,1.5847599903742473,2.9812699953715036
532,12.75,520.0,2.566667526960373,169000.0,1.5778800249099731,2.5673474967479724
533,18.25,1020.0,4.438689887523651,1295500.0,4.338672608137131,5.432542383670805
534,25.0,1162.5,3.670212507247925,515500.0,2.3264475762844086,3.8477399945259076
535,24.75,1167.5,3.1442925333976746,767250.0,2.975907474756241,3.9181473851203927
536,6.0,120.0,1.0,15900.0,1.0375900268554688,1.59134995937347
537,22.333333333333332,1076.6666666666667,3.635070006052653,1540000.0,4.96942663192749,5.334023475646973
538,17.25,820.0,3.5878325700759888,753250.0,2.93978750705719,4.15035253763199
539,19.0,1050.0,4.526886701583862,599000.0,2.5418567657470703,4.45875334739685
540,19.0,926.6666666666666,3.734213352203369,1213000.0,4.125843167304993,4.9097466468811035
541,15.75,575.0,2.427987515926361,521750.0,3.688564896583557,2.86496502161026
542,27.0,1015.0,2.4869174659252167,627200.0,2.6146074533462524,3.3375774621963474
543,10.0,230.0,1.1834250092506409,204000.0,2.0491199493408203,1.6884649991989151
544,11.0,473.3333333333333,2.9858399629592896,389366.6666666667,2.0010499954223633,3.27224334081014
545,15.0,442.5,1.7714974582195282,337000.0,2.1557499965031943,2.3611649274826023
546,4.0,90.0,1.244570016860962,0.0,3.0152027458629536,1.13937997817993
547,21.0,930.0,3.0752049684524536,617000.0,2.5882949829101562,3.6578649282455444
548,9.0,530.0,4.168479959170024,1620000.0,7.265435218811035,5.56632673740387
549,22.0,1122.5,4.127907454967499,2325000.0,6.994555234909058,6.769084930419923
550,10.5,437.5,2.8349750339984894,141000.0,1.7240700125694275,2.537102550268175
551,12.5,615.0,3.28057000041008,438025.0,2.126577466726303,3.5117624998092625
552,12.5,542.5,3.270944982767105,551400.0,2.8932200272878013,3.530975043773652
553,32.0,1466.6666666666667,3.4888333082199097,1600333.3333333333,5.125076572100322,5.339386463165284
554,28.0,1370.0,4.002150058746338,1286275.0,4.314875036478043,5.170182466506955
555,10.5,380.0,2.302779972553253,182600.0,1.4676349759101868,2.578940033912655
556,5.5,120.0,1.2445650100708008,665.0,1.0,1.4243499636650099
557,22.333333333333332,1263.3333333333333,4.97693673769633,1732000.0,5.464746554692586,6.38108992576599
558,30.5,1227.5,3.095794975757599,1229250.0,4.167765021324158,4.569784879684447
559,8.5,290.0,2.4266300201416016,360000.0,1.9252899289131165,2.91035497188568
560,12.0,743.3333333333334,5.605976740519206,1526666.6666666667,6.904260158538818,6.248373349507649
561,10.5,350.0,2.120162546634674,401825.0,2.378726601600647,2.6551925837993626
562,9.0,520.0,4.695650100708008,243000.0,1.623460054397583,4.03150987625122
563,18.75,742.5,2.927537590265274,275250.0,1.7066550254821777,3.071230053901673
564,13.666666666666666,393.3333333333333,1.7354666789372761,96600.0,1.2457733551661174,2.1291699806849165
565,26.5,1310.0,3.559780091047287,881750.0,3.271290004253387,4.3232975602149954
566,35.5,1745.0,3.269289970397949,1032500.0,3.6601949334144592,4.379379868507385
567,18.0,740.0,3.0652201175689697,504000.0,2.2967801094055176,3.48603010177612
568,6.0,130.0,1.163040041923523,8340.0,1.0180799961090088,1.6731599569320699
569,15.25,655.0,3.2251124382019043,568250.0,2.951183319091797,3.5296275615692148
570,11.333333333333334,386.6666666666667,2.1005433003107705,249000.0,1.9601149559020996,2.37198336919149
571,8.0,270.0,2.1820633808771768,53733.333333333336,1.2044950127601624,2.1313466628392566
572,13.0,390.0,2.0030099948247275,72033.33333333333,1.275309979915619,2.05620002746582
573,23.5,1440.0,5.704794883728027,2495000.0,7.433119773864746,7.917749881744385
574,11.0,250.0,1.1834250092506409,211950.0,1.5433549880981445,1.9841399788856502
575,5.0,150.0,1.9782600402832031,0.0,3.0152027458629536,1.55754005908966
576,16.41485507246378,715.5120137299773,2.978873827819329,649043.6336765825,3.0152027458629536,3.543942889077894
577,9.0,200.0,1.2173899412155151,46800.0,1.117300033569336,1.76067996025085
578,27.5,910.0,2.256054997444153,695000.0,2.78951507806778,3.3056849241256696
579,10.0,420.0,3.262849926948548,776500.0,2.9997701048851013,3.9993149042129543
580,5.0,210.0,2.8749999999999996,190000.0,1.976889967918396,2.631960034370425
581,26.0,1400.0,4.311039924621582,861000.0,3.2177600860595703,4.72095012664795
582,32.0,1652.5,4.349942564964294,1386500.0,4.57343253493309,5.5157625675201425
583,22.75,1175.0,4.081775069236755,1120250.0,3.8865674138069153,4.971457481384276
584,20.5,665.0,2.1760199666023254,89100.0,1.226425051689148,2.369225025177005
585,28.75,1080.0,2.8004399836063385,699000.0,2.799837470054626,3.621829867362975
586,16.41485507246378,715.5120137299773,2.978873827819329,649043.6336765825,3.0152027458629536,3.543942889077894
587,32.0,1577.5,3.7984724640846252,1458750.0,4.759819835424423,5.307692348957063
588,22.25,1387.5,4.813159942626953,1521500.0,6.230079889297485,5.836259841918945
589,14.5,1035.0,5.922979950904846,1717500.0,5.427340090274811,6.89894491434097
590,35.666666666666664,2310.0,6.09022331237793,2523333.3333333335,7.506213347117106,8.179069836934408
591,27.75,1495.0,4.357310056686401,1543250.0,4.977815091609955,5.750427424907685
592,22.0,770.0,2.229620039463043,379000.0,1.974304974079132,2.82600998878479
593,25.5,1192.5,3.1482350528240204,748200.0,2.9267599284648895,3.8923874497413626
594,10.0,585.0,4.400039970874786,1005000.0,6.181925177574158,4.69940996170044
595,9.0,210.0,1.3260899782180786,610000.0,2.570230007171631,2.65070009231567
596,9.0,280.0,2.0869600772857666,229000.0,1.587339997291565,2.52415990829468
597,12.0,480.0,2.9565200805664062,84800.0,1.2153300046920776,2.80772995948792
598,17.0,623.3333333333334,2.8239433765411377,223833.33333333334,1.8627299666404724,2.747270027796427
599,5.0,100.0,1.0,0.0,3.0152027458629536,1.0
600,10.0,580.0,4.437499920527141,1061333.3333333333,5.1035802364349365,4.898250023523967
601,5.0,120.0,1.3912999629974363,0.0,3.0152027458629536,1.2230199575424199
602,9.666666666666666,316.6666666666667,2.407926638921102,273000.0,2.0529900193214417,2.5824565887451167
603,9.0,253.33333333333334,1.7688700358072917,152000.0,1.3886966705322266,2.22965661684672
604,4.0,200.0,3.9347798824310303,0.0,3.0152027458629536,2.67262005805969
605,9.333333333333334,213.33333333333334,1.28985329469045,180700.0,1.4627366463343303,1.9988499879837034
606,24.0,1146.6666666666667,3.0620199839274087,770000.0,3.97621488571167,3.685976664225263
607,7.5,175.0,1.2717400193214417,311500.0,1.8001700043678284,2.180845022201535
608,16.41485507246378,715.5120137299773,2.978873827819329,649043.6336765825,3.0152027458629536,3.543942889077894
609,16.0,990.0,5.100480079650879,1240000.0,4.195497512817383,5.72811496257782
610,18.75,772.5,2.473845034837723,400250.0,2.373313387235006,2.854449927806852
611,7.0,150.0,1.2445650100708008,12150.0,1.059260010719299,1.4412350058555647
612,18.25,812.5,4.1465625166893005,954250.0,4.27890674273173,4.622322499752045
613,6.0,195.0,1.9171199798583984,54500.0,1.277760028839111,1.8868099451065048
614,36.0,1990.0,4.451089859008789,3130000.0,9.071279525756836,8.13685989379883
615,4.0,190.0,3.6902201175689697,0.0,3.0152027458629536,2.53323006629944
616,16.41485507246378,715.5120137299773,2.978873827819329,649043.6336765825,3.0152027458629536,3.543942889077894
617,18.666666666666668,663.3333333333334,2.447463353474935,234333.33333333334,1.6010966300964355,2.7374633153279633
618,16.41485507246378,715.5120137299773,2.978873827819329,649043.6336765825,3.0152027458629536,3.543942889077894
619,16.41485507246378,715.5120137299773,2.978873827819329,649043.6336765825,3.0152027458629536,3.543942889077894
620,19.0,550.0,1.9189700484275818,50500.0,1.2571300268173218,1.881985008716585
621,25.0,1425.0,4.891464948654176,2130000.0,6.49150013923645,6.917550086975099
622,16.41485507246378,715.5120137299773,2.978873827819329,649043.6336765825,3.0152027458629536,3.543942889077894
623,16.41485507246378,715.5120137299773,2.978873827819329,649043.6336765825,3.0152027458629536,3.543942889077894
624,12.0,483.3333333333333,2.8241366942723594,120000.0,1.306143323580424,2.784036636352537
625,13.333333333333334,443.3333333333333,2.453803380330404,101933.33333333333,1.3910149931907654,2.3570866982142165
626,6.5,160.0,1.5502700209617615,134500.0,1.6905299425125122,1.79535502195358
627,12.5,705.0,3.519020140171051,156000.0,1.801460027694702,2.9490150809288047
628,10.5,585.0,4.478264808654786,1190000.0,4.066505074501038,5.29997992515564
629,7.0,240.0,2.3975200653076167,13500.0,1.0313999652862549,2.38431000709534
630,17.0,540.0,2.150899887084961,105000.0,1.267449975013733,2.3782799243927
631,19.666666666666668,663.3333333333334,2.3415133158365884,454366.6666666667,2.1687366962432866,3.0005899270375562
632,16.41485507246378,715.5120137299773,2.978873827819329,649043.6336765825,3.0152027458629536,3.543942889077894
633,14.25,615.0,3.225737452507019,553125.0,2.4235124588012695,3.6497424244880676
634,9.0,380.0,2.926424980163574,48100.0,1.244740009307861,2.452630043029785
635,22.666666666666668,1253.3333333333333,4.34049654006958,1458666.6666666667,4.75960652033488,5.616483211517333
636,28.666666666666668,1320.0,3.483086665471395,1789000.0,5.611793279647827,5.613509813944501
637,32.333333333333336,1526.6666666666667,3.700296640396118,1243333.3333333333,4.2040932178497314,4.93501321474711
638,32.333333333333336,1526.6666666666667,3.700296640396118,1243333.3333333333,4.2040932178497314,4.93501321474711
639,20.75,1265.0,5.744565069675446,939925.0,3.42136749625206,5.6540025472641
640,19.0,880.0,3.5743699073791504,934000.0,3.4060800075531006,4.4084300994873
641,32.25,1420.0,3.3254724740982056,1025250.0,3.6414900422096252,4.40074247121811
642,37.5,1860.0,3.9931399822235107,1715500.0,5.422179937362671,5.7961349487304705
643,23.0,1210.0,5.3754125237464905,966475.0,4.320956548055013,5.34065252542496
644,24.5,1377.5,4.00465002655983,1706500.0,5.398962378501892,5.789462447166442
645,21.5,1225.0,4.777170181274414,863000.0,3.2229151129722595,4.98955500125885
646,17.0,460.0,1.5637367169062297,193666.66666666666,1.4961866935094197,2.174009958902993
647,9.0,230.0,1.5434800386428833,195000.0,1.4996299743652344,2.16441988945007
648,10.333333333333334,263.3333333333333,1.413040002187093,95966.66666666667,1.2441399892171223,1.9444766441981
649,11.0,836.6666666666666,5.585999886194865,1046666.6666666666,5.046820044517517,5.531243244806923
650,6.333333333333333,203.33333333333334,2.173913319905599,14400.0,1.1080199480056765,1.8795433044433567
651,12.5,470.0,2.816770076751709,134000.0,1.6879500150680542,2.516435027122495
652,26.75,1202.5,3.494214951992035,800000.0,3.060392439365387,4.165729999542238
653,26.75,1202.5,3.494214951992035,800000.0,3.060392439365387,4.165729999542238
654,9.75,315.0,2.1899550557136536,276750.0,1.9485100110371907,2.5110724568367
655,4.0,160.0,2.9565200805664062,0.0,3.0152027458629536,2.11508011817932
656,10.0,220.0,1.1956499814987185,20600.0,1.049710035324097,1.7097699642181399
657,24.333333333333332,1146.6666666666667,2.8989766438802085,770000.0,3.97621488571167,3.5930533409118666
658,20.0,540.0,1.6847800016403198,154000.0,1.3938499689102173,2.18467998504639
659,20.0,1282.5,6.088062524795532,1446500.0,5.972103238105774,6.452592372894286
660,4.0,160.0,2.9565200805664062,0.0,3.0152027458629536,2.11508011817932
661,7.5,180.0,1.2667999863624573,28050.0,1.1412899494171145,1.477285027503965
662,7.5,160.0,1.0978249907493591,10300.0,1.049710035324097,1.3548849821090698
663,4.0,180.0,3.4456501007080083,0.0,3.0152027458629536,2.39385008811951
664,5.0,110.0,1.1956499814987185,0.0,3.0152027458629536,1.1115100383758503
665,10.0,413.3333333333333,2.9644033114115396,103066.66666666667,1.2624566555023193,2.8390833536783866
666,16.41485507246378,715.5120137299773,2.978873827819329,649043.6336765825,3.0152027458629536,3.543942889077894
667,16.0,1040.0,5.402170181274414,1340000.0,4.453470230102539,6.04709005355835
668,16.41485507246378,715.5120137299773,2.978873827819329,649043.6336765825,3.0152027458629536,3.543942889077894
669,16.41485507246378,715.5120137299773,2.978873827819329,649043.6336765825,3.0152027458629536,3.543942889077894
670,5.75,152.5,1.6236425042152405,42000.0,1.4299700260162354,1.5591774880886073
671,11.0,590.0,4.05706512928009,210000.0,1.538320004940033,3.61904513835907
672,36.666666666666664,1636.6666666666667,3.4467666149139404,1665666.6666666667,5.293623208999634,5.411473115285237
673,16.41485507246378,715.5120137299773,2.978873827819329,649043.6336765825,3.0152027458629536,3.543942889077894
674,5.0,220.0,3.1195650100708003,190000.0,1.976889967918396,2.7713450789451604
675,16.41485507246378,715.5120137299773,2.978873827819329,649043.6336765825,3.0152027458629536,3.543942889077894
676,16.41485507246378,715.5120137299773,2.978873827819329,649043.6336765825,3.0152027458629536,3.543942889077894
677,27.5,1252.5,3.620767503976822,1921000.0,5.952325135469437,5.886054992675783
678,28.5,1432.5,4.229694962501526,2068500.0,6.332842409610748,6.449967384338377
679,6.5,190.0,2.195650041103363,49400.0,1.2514499425888062,2.038055062294005
680,19.5,670.0,2.4018850326538086,621750.0,2.6005500555038457,3.2810999155044547
681,19.666666666666668,866.6666666666666,3.2146733601888022,1198000.0,5.632434964179992,4.40226674079895
682,14.5,425.0,1.9200299978256223,1051000.0,3.707919955253601,3.6376000642776454
683,28.0,1450.0,3.858520030975342,931066.6666666666,3.3985166549682617,4.566066582997641
684,8.0,185.0,1.375,344500.0,1.8853049874305725,2.28821492195129
685,11.5,300.0,1.5459050238132477,139450.0,1.3563199937343597,2.0841324627399427
686,4.0,290.0,6.1358699798583975,0.0,3.0152027458629536,3.92707991600037
687,16.41485507246378,715.5120137299773,2.978873827819329,649043.6336765825,3.0152027458629536,3.543942889077894
688,13.333333333333334,376.6666666666667,1.8320033152898152,365666.6666666667,1.9399099747339885,2.579789956410727
689,5.0,100.0,1.0,0.0,3.0152027458629536,1.0
690,16.41485507246378,715.5120137299773,2.978873827819329,649043.6336765825,3.0152027458629536,3.543942889077894
691,16.41485507246378,715.5120137299773,2.978873827819329,649043.6336765825,3.0152027458629536,3.543942889077894
692,16.41485507246378,715.5120137299773,2.978873827819329,649043.6336765825,3.0152027458629536,3.543942889077894
693,6.5,217.5,2.3552975356578827,175600.0,1.6005799770355225,2.456589996814728
694,16.41485507246378,715.5120137299773,2.978873827819329,649043.6336765825,3.0152027458629536,3.543942889077894
695,8.5,170.0,1.0,12815.0,1.0296300053596497,1.5868149995803849
696,11.5,350.0,2.0384599566459656,101850.0,1.259315013885498,2.30957007408142
697,15.0,900.0,6.5685648918151855,430500.0,3.2177600860595703,5.090630054473875
698,18.5,570.0,1.8673949837684634,381950.0,1.9819149374961853,2.623904943466185
699,5.0,200.0,2.9565200805664062,0.0,3.0152027458629536,2.11508011817932
700,16.41485507246378,715.5120137299773,2.978873827819329,649043.6336765825,3.0152027458629536,3.543942889077894
701,10.0,495.0,3.7105998992919926,1645000.0,5.240305066108704,5.531450033187864
702,4.0,100.0,1.4891300201416016,0.0,3.0152027458629536,1.2787699699401898
703,5.333333333333333,220.0,2.9029534260431924,0.0,3.0152027458629536,2.0845433076222766
704,16.41485507246378,715.5120137299773,2.978873827819329,649043.6336765825,3.0152027458629536,3.543942889077894
705,15.0,560.0,2.743769963582357,197066.66666666666,1.5049566825230916,2.85154342651367
706,5.0,145.0,1.8967400193214417,333500.0,2.71727991104126,2.285404980182645
707,15.5,422.5,1.5650350153446198,40550.0,1.2057900428771973,1.66563752293587
708,4.0,90.0,1.244570016860962,0.0,3.0152027458629536,1.13937997817993
709,21.333333333333332,1016.6666666666666,3.7900400956471767,1389666.6666666667,4.581599911053975,5.201313177744547
710,16.41485507246378,715.5120137299773,2.978873827819329,649043.6336765825,3.0152027458629536,3.543942889077894
711,20.0,1062.5,3.9093324542045593,938750.0,4.225589831670126,4.464329898357392
712,20.0,1130.0,4.627387523651123,651500.0,2.6772950887680054,4.593222558498383
713,10.75,455.0,2.9343525171279907,436000.0,2.1213525235652924,3.311462491750717
714,16.41485507246378,715.5120137299773,2.978873827819329,649043.6336765825,3.0152027458629536,3.543942889077894
715,8.5,195.0,1.2608699798583984,38450.0,1.1949499845504759,1.4891999959945652
716,22.5,1320.0,6.805254936218262,1151475.0,4.957303365071614,6.4275649785995475
717,27.0,1370.0,4.007249832153319,2610000.0,7.729790210723878,7.11934995651245
718,16.41485507246378,715.5120137299773,2.978873827819329,649043.6336765825,3.0152027458629536,3.543942889077894
719,13.75,630.0,3.4107799232006073,717400.0,3.464213411013285,3.854740023612977
720,13.0,430.0,2.0559449791908264,113775.0,1.3879233201344807,2.19507747888565
721,16.41485507246378,715.5120137299773,2.978873827819329,649043.6336765825,3.0152027458629536,3.543942889077894
722,4.0,80.0,1.0,0.0,3.0152027458629536,1.0
723,18.0,1220.0,5.413682460784912,1419700.0,5.87992004553477,6.028834879398346
724,16.41485507246378,715.5120137299773,2.978873827819329,649043.6336765825,3.0152027458629536,3.543942889077894
725,25.0,1216.6666666666667,4.137106736501058,378000.0,1.9717233180999756,3.911673386891683
726,8.0,205.0,1.4002000093460083,17000.0,1.084280014038086,1.537065029144285
727,10.0,400.0,2.9565200805664062,234000.0,1.6002399921417236,3.02710008621216
728,6.0,140.0,1.3260899782180786,107000.0,1.2726099491119385,1.9111399650573702
729,13.666666666666666,630.0,3.2929066816965737,186600.0,1.477953354517619,3.1491233507792167
730,17.5,530.0,2.05651992559433,197850.0,1.506974995136261,2.461009979248045
731,9.0,263.3333333333333,1.7453400293986003,195766.66666666666,1.7541200518608095,2.0912766456604
732,4.0,90.0,1.244570016860962,0.0,3.0152027458629536,1.13937997817993
733,16.41485507246378,715.5120137299773,2.978873827819329,649043.6336765825,3.0152027458629536,3.543942889077894
734,16.41485507246378,715.5120137299773,2.978873827819329,649043.6336765825,3.0152027458629536,3.543942889077894
735,8.0,210.0,1.8715450763702393,35500.0,1.1797300577163696,1.8328950405120852
736,4.0,190.0,3.6902201175689697,0.0,3.0152027458629536,2.53323006629944
737,6.0,120.0,1.0,7290.0,1.0153800249099731,1.57869005203247
738,14.0,540.0,2.748639941215515,188500.0,1.482860028743744,2.8417249917984
739,11.5,277.5,1.3107700049877167,72425.0,1.1834075152873993,1.85157498717308
740,14.333333333333334,690.0,3.5760133266448975,478000.0,2.2297066847483316,3.7389167149861664
741,13.666666666666666,556.6666666666666,2.951859951019287,214000.0,1.548639973004659,2.995040019353233
742,22.0,1300.0,5.593900044759114,973333.3333333334,4.763049960136414,5.427929957707723
743,19.0,1100.0,4.853919903437297,1697333.3333333333,5.375316500663757,6.26000992457072
744,24.0,1140.0,3.6902201175689697,476000.0,2.224539995193481,3.80105996131897
745,16.41485507246378,715.5120137299773,2.978873827819329,649043.6336765825,3.0152027458629536,3.543942889077894
746,19.5,1540.0,6.598414897918701,2835000.0,8.310245275497437,8.926949977874756
747,15.0,995.0,5.6404300928115845,1510750.0,4.8939725160598755,6.433929920196532
748,4.0,80.0,1.0,0.0,3.0152027458629536,1.0
749,21.333333333333332,1120.0,4.140730063120524,240333.33333333334,1.6165767113367717,3.7113266785939536
750,6.666666666666667,196.66666666666666,1.9515833854675293,11333.333333333334,1.084280014038086,1.74832002321879
751,17.25,772.5,3.6678900122642517,389125.0,2.335046728452047,3.5186150074005123
752,9.5,287.5,2.332880049943924,49300.0,1.2509349584579468,2.1161199808120723
753,6.5,155.0,1.4755449891090393,23400.0,1.117300033569336,1.589414954185485
754,13.666666666666666,333.3333333333333,1.3798633019129436,52900.0,1.133036692937215,1.8622500101725266
755,23.0,720.0,2.1058599948883057,160000.0,1.4093300104141235,2.43348002433777
756,23.666666666666668,1366.6666666666667,6.080313364664714,744966.6666666666,2.9184199571609497,5.558710018793744
757,18.75,977.5,4.225637435913086,1378750.0,4.553440153598785,5.433520019054415
758,6.5,220.0,2.0462000370025635,74500.0,1.3809599876403809,1.9897799491882298
759,15.666666666666666,1380.0,7.353989919026692,2036666.6666666667,6.250720024108887,8.18378655115763
760,9.25,655.0,5.9950599670410165,1310000.0,5.502586801846822,6.198892533779145
761,16.41485507246378,715.5120137299773,2.978873827819329,649043.6336765825,3.0152027458629536,3.543942889077894
762,16.41485507246378,715.5120137299773,2.978873827819329,649043.6336765825,3.0152027458629536,3.543942889077894
763,7.0,165.0,1.2717400193214417,97500.0,1.4996299743652344,1.582209944725035
764,45.5,1940.0,3.2034549713134766,2165000.0,6.581794977188109,6.006969928741455
765,4.0,180.0,3.4456501007080083,0.0,3.0152027458629536,2.39385008811951
766,5.0,100.0,1.0,0.0,3.0152027458629536,1.0
767,12.5,505.0,2.3687049746513367,212170.0,1.5439200401306152,2.659990012645725
768,4.0,140.0,2.4673900604248047,0.0,3.0152027458629536,1.83631002902985
769,16.41485507246378,715.5120137299773,2.978873827819329,649043.6336765825,3.0152027458629536,3.543942889077894
770,16.41485507246378,715.5120137299773,2.978873827819329,649043.6336765825,3.0152027458629536,3.543942889077894
771,33.0,950.0,1.8596800565719604,101000.0,1.2571300268173218,2.20642995834351
772,7.0,183.33333333333334,1.7119600375493367,38333.333333333336,1.1449049711227415,1.8407733440399168
773,23.0,1100.0,3.870044946670532,1095000.0,3.821429967880249,4.81366491317749
774,4.0,290.0,6.135869979858398,0.0,3.0152027458629536,3.92708003520966
775,8.333333333333334,236.66666666666666,1.9235267241795857,142433.33333333334,1.3640166918436687,2.303736607233683
776,10.0,300.0,1.9782600402832031,43200.0,1.1080199480056765,2.18902993202209
777,5.0,110.0,1.1956499814987185,0.0,3.0152027458629536,1.1115100383758503
778,16.41485507246378,715.5120137299773,2.978873827819329,649043.6336765825,3.0152027458629536,3.543942889077894
779,4.0,220.0,4.423910140991211,0.0,3.0152027458629536,2.9513900279998797
780,15.0,820.0,4.3913002014160165,129000.0,1.3293600082397459,3.6904399394989
781,7.0,140.0,1.0,94000.0,1.2390700578689575,1.7061799764633199
782,6.5,540.0,6.9307050704956055,1040000.0,3.6795400381088257,6.47715997695923
783,16.41485507246378,715.5120137299773,2.978873827819329,649043.6336765825,3.0152027458629536,3.543942889077894
784,9.0,430.0,3.4456499814987183,169500.0,1.8711099624633791,2.92705011367798
785,17.0,890.0,3.2173900604248047,88000.0,1.4506100416183472,2.67713004350662
786,18.0,607.5,1.9612500071525574,223500.0,1.7653466860453289,2.3024324774742126
787,9.666666666666666,333.3333333333333,2.3336133559544883,71600.0,1.2736349701881409,2.24398672580719
788,4.0,160.0,2.9565200805664062,0.0,3.0152027458629536,2.11508011817932
789,7.0,370.0,4.322009921073914,42550.0,1.2161099910736084,3.2398600578308097
790,17.333333333333332,923.3333333333334,3.994983355204264,739633.3333333334,2.9046601057052612,4.36237668991089
791,9.0,210.0,1.3260899782180786,610000.0,2.570230007171631,2.65070009231567
792,27.0,1410.0,4.152170181274413,386000.0,1.99235999584198,3.93201994895935
793,21.5,975.0,3.2597399950027466,656500.0,2.690195083618164,3.821110010147095
794,28.333333333333332,1396.6666666666667,4.016793251037598,1539000.0,4.966846466064454,5.5501098632812464
795,39.5,1950.0,3.907627522945404,2189000.0,6.643704831600189,6.443582355976106
796,13.0,375.0,1.8653849959373474,353000.0,1.9072299599647522,2.58019506931305
797,4.0,95.0,1.3668500185012817,0.0,3.0152027458629536,1.20907497406006
798,18.333333333333332,676.6666666666666,2.510376731554667,274333.3333333333,1.7042866547902424,2.83212995529175
799,9.5,265.0,1.7608700394630432,119100.0,1.3038249611854553,2.17672491073608
800,16.41485507246378,715.5120137299773,2.978873827819329,649043.6336765825,3.0152027458629536,3.543942889077894
801,40.666666666666664,1943.3333333333333,3.712886651357015,2055666.6666666667,6.29973308245341,6.13655646642049
802,16.41485507246378,715.5120137299773,2.978873827819329,649043.6336765825,3.0152027458629536,3.543942889077894
803,16.41485507246378,715.5120137299773,2.978873827819329,649043.6336765825,3.0152027458629536,3.543942889077894
804,16.41485507246378,715.5120137299773,2.978873827819329,649043.6336765825,3.0152027458629536,3.543942889077894
805,16.41485507246378,715.5120137299773,2.978873827819329,649043.6336765825,3.0152027458629536,3.543942889077894
806,5.0,300.0,4.872284889221191,0.0,3.0152027458629536,3.20692503452301
807,16.5,500.0,2.0948999524116516,319500.0,1.820805013179779,2.6617499589920053
808,5.0,140.0,1.7826100587844849,0.0,3.0152027458629536,1.44603002071381
809,18.0,690.0,2.912055015563965,126900.0,1.3239449858665466,2.844290018081665
810,4.0,80.0,1.0,0.0,3.0152027458629536,1.0
811,20.0,1072.5,5.514017462730408,1439000.0,4.708875000476837,6.25638997554779
812,11.5,345.0,1.7672650218009949,279500.0,1.7176200151443484,2.4162049293518053
813,11.0,310.0,1.8004000186920166,34000.0,1.084280014038086,2.07413005828857
814,30.333333333333332,1493.3333333333333,3.750443379084269,934600.0,3.40762992699941,4.5096666018168134
815,30.333333333333332,1493.3333333333333,3.750443379084269,934600.0,3.40762992699941,4.5096666018168134
816,5.0,100.0,1.0,5366.666666666667,1.038100004196167,1.1972166697184232
817,16.41485507246378,715.5120137299773,2.978873827819329,649043.6336765825,3.0152027458629536,3.543942889077894
818,11.0,500.0,4.260870138804118,89333.33333333333,1.6879500150680542,3.179133256276447
819,16.41485507246378,715.5120137299773,2.978873827819329,649043.6336765825,3.0152027458629536,3.543942889077894
820,17.0,852.5,3.362597495317459,1232500.0,7.355724811553955,4.442630022764208
821,6.333333333333333,366.6666666666667,4.786233266194661,1073333.3333333333,5.150015115737915,5.114643335342406
822,7.333333333333333,353.3333333333333,3.333850105603536,13133.333333333334,1.0473899841308594,2.728086670239767
823,28.666666666666668,1373.3333333333333,3.9822999636332193,2013333.3333333333,6.190526485443115,6.22785981496175
824,6.0,260.0,3.2826099395751958,824000.0,3.122309923171997,4.080420017242431
825,12.0,495.0,2.9565199613571167,832000.0,3.1429450511932377,3.9063349962234497
826,6.5,360.0,4.519024848937988,680000.0,4.505070209503174,4.289374947547914
827,7.25,260.0,2.4483325481414795,124075.0,1.4233500162760417,2.4338550269603725
828,7.666666666666667,320.0,2.8594700495402017,116666.66666666667,1.4480299949645996,2.609950025876367
829,5.0,120.0,1.3912999629974363,0.0,3.0152027458629536,1.2230199575424199
830,10.25,552.5,4.238274991512299,896000.0,4.078546682993571,4.5889475643634805
831,14.75,947.5,6.013585031032562,957250.0,5.9355549812316895,5.548810005187987
832,4.666666666666667,310.0,5.663046518961589,960000.0,4.7114551067352295,5.447729905446373
833,31.333333333333332,1410.0,2.91183332602183,768666.6666666666,2.9795599381128945,3.787749926249187
834,5.0,140.0,1.7826100587844849,0.0,3.0152027458629536,1.44603002071381
835,20.5,920.0,3.1887550354003906,532150.0,2.3693999648094177,3.5978249311447152
836,20.5,920.0,3.1887550354003906,532150.0,2.3693999648094177,3.5978249311447152
837,16.41485507246378,715.5120137299773,2.978873827819329,649043.6336765825,3.0152027458629536,3.543942889077894
838,15.666666666666666,620.0,2.98796010017395,541666.6666666666,2.3939500649770102,3.4973766009012834
839,8.0,225.0,1.7915050387382507,17000.0,1.084280014038086,1.7600800395011902
840,16.41485507246378,715.5120137299773,2.978873827819329,649043.6336765825,3.0152027458629536,3.543942889077894
841,16.0,380.0,1.3668500185012815,408000.0,2.0491199493408203,2.3769299983978303
842,15.0,460.0,2.0434799194335938,430000.0,2.1058700084686284,2.79490995407104
843,15.333333333333334,763.3333333333334,3.8661033312479653,463000.0,2.191009998321533,3.8821934064229335
844,12.0,446.6666666666667,2.701313336690267,267500.0,1.686663309733073,2.930906693140667
845,5.0,155.0,2.0760850310325623,0.0,3.0152027458629536,1.6132950782775852
846,14.0,700.0,3.9347798824310303,339000.0,1.8711099624633791,3.7390201091766397
847,4.0,160.0,2.9565200805664062,0.0,3.0152027458629536,2.11508011817932
848,14.0,643.3333333333334,3.382943312327067,1371700.0,4.535253445307414,4.942879994710286
849,12.333333333333334,580.0,3.7588000297546387,758266.6666666666,2.9527299404144287,4.255166530609131
850,25.333333333333332,1760.0,6.018996556599935,2870000.0,8.400536696116129,8.648183186848959
851,20.0,946.6666666666666,3.6849467754364014,311000.0,1.7988800605138142,3.5554633935292568
852,15.5,495.0,2.1001375019550323,345250.0,2.184126615524292,2.560597509145737
853,5.0,300.0,4.872284889221191,0.0,3.0152027458629536,3.20692503452301
854,31.0,1840.0,6.178894996643066,1460000.0,4.763049960136414,6.6661999225616455
855,4.5,95.0,1.122285008430481,34050.0,1.1722500324249268,1.403739988803865
856,38.5,1835.0,3.2467700242996216,1060000.0,3.7311349511146545,4.40697991847992
857,10.0,385.0,2.940400004386902,892500.0,3.299019932746887,3.98610007762909
858,16.75,860.0,4.580940008163452,1552000.0,5.000387400388718,5.8907474279403695
859,15.0,885.0,5.266434907913208,1397000.0,4.600520014762878,6.05353498458862
860,16.41485507246378,715.5120137299773,2.978873827819329,649043.6336765825,3.0152027458629536,3.543942889077894
861,7.5,285.0,3.005434989929199,8950.0,1.0427500009536743,2.440099954605105
862,16.41485507246378,715.5120137299773,2.978873827819329,649043.6336765825,3.0152027458629536,3.543942889077894
863,9.0,230.0,1.5434800386428833,195000.0,1.4996299743652344,2.16441988945007
864,4.0,80.0,1.0,0.0,3.0152027458629536,1.0
865,19.0,500.0,1.6178499460220337,61200.0,1.1544500589370728,2.01009011268616
866,15.5,660.0,2.727910041809082,984000.0,3.535070061683655,3.9995250701904297
867,15.75,762.5,3.750927448272705,311250.0,1.799527496099472,3.59343504905701
868,5.0,150.0,1.9782600402832031,0.0,3.0152027458629536,1.55754005908966
869,20.0,843.3333333333334,3.4619534015655518,755333.3333333334,2.945159991582235,4.081673383712767
870,16.0,806.6666666666666,3.8514233430226645,585666.6666666666,2.5074599583943686,4.05418340365092
871,16.41485507246378,715.5120137299773,2.978873827819329,649043.6336765825,3.0152027458629536,3.543942889077894
872,16.5,855.0,4.089244961738586,289500.0,1.7434149980545046,3.75427508354187
873,11.0,340.0,1.966754972934723,52500.0,1.267449975013733,1.912154972553255
874,24.0,1216.6666666666667,4.002715110778809,1382333.3333333333,6.345739960670471,5.798636595408119
875,16.41485507246378,715.5120137299773,2.978873827819329,649043.6336765825,3.0152027458629536,3.543942889077894
876,16.41485507246378,715.5120137299773,2.978873827819329,649043.6336765825,3.0152027458629536,3.543942889077894
877,15.333333333333334,820.0,4.659416755040486,241666.66666666666,1.9317349791526794,3.81957999865214
878,16.333333333333332,646.6666666666666,3.6059499184290567,991000.0,3.5531299908955893,4.5102366606394435
879,4.0,150.0,2.7119600772857666,0.0,3.0152027458629536,1.9756900072097798
880,16.0,380.0,1.3668500185012815,408000.0,2.0491199493408203,2.3769299983978303
881,16.41485507246378,715.5120137299773,2.978873827819329,649043.6336765825,3.0152027458629536,3.543942889077894
882,15.333333333333334,763.3333333333334,3.827186663945516,110000.0,1.2803433338801067,3.34100333849589
883,13.5,685.0,4.007249832153319,1305000.0,7.729790210723878,5.9596750736236555
884,21.5,855.0,3.3980700373649597,1035000.0,4.5566666920979815,4.314459860324857
885,4.5,180.0,2.932065010070801,0.0,3.0152027458629536,2.10113996267319
886,10.25,800.0,5.804984986782074,1192500.0,7.1493401527404785,5.775809884071347
887,16.41485507246378,715.5120137299773,2.978873827819329,649043.6336765825,3.0152027458629536,3.543942889077894
888,22.0,750.0,2.378459930419922,185000.0,1.473829984664917,2.6256000995636
889,10.5,297.5,1.7900525331497192,118000.0,1.6053950190544128,1.9077550172805773
890,16.41485507246378,715.5120137299773,2.978873827819329,649043.6336765825,3.0152027458629536,3.543942889077894
891,7.0,180.0,1.6086950302124023,49400.0,1.2514499425888062,1.70353001356125
892,22.666666666666668,1183.3333333333333,3.6199100812276206,1298000.0,4.345123291015625,4.9695731798807765
893,9.0,520.0,5.646739840507507,764500.0,2.9688100814819336,5.34031999111176
894,12.0,595.0,4.341534852981567,835500.0,3.1519750356674194,4.700834989547725
895,16.41485507246378,715.5120137299773,2.978873827819329,649043.6336765825,3.0152027458629536,3.543942889077894
896,36.0,1990.0,4.451089859008789,3130000.0,9.071279525756836,8.13685989379883
897,9.5,345.0,2.6285799741744995,1142250.0,3.943325102329254,4.17559003829956
898,15.333333333333334,733.3333333333334,3.8177266915639243,736266.6666666666,2.895976702372233,4.25640328725179
899,8.75,220.0,1.5450875163078308,300775.0,1.7724999785423279,2.320859968662257
900,21.25,1057.5,3.586360067129135,780500.0,3.681260029474894,4.047582477331162
901,21.0,800.0,2.840114951133728,547000.0,2.407705008983612,3.420955061912535
902,16.41485507246378,715.5120137299773,2.978873827819329,649043.6336765825,3.0152027458629536,3.543942889077894
903,9.0,240.0,1.6860550045967102,38200.0,1.0951149463653564,2.0151400566101048
904,16.41485507246378,715.5120137299773,2.978873827819329,649043.6336765825,3.0152027458629536,3.543942889077894
905,4.0,180.0,3.4456501007080083,0.0,3.0152027458629536,2.39385008811951
906,16.41485507246378,715.5120137299773,2.978873827819329,649043.6336765825,3.0152027458629536,3.543942889077894
907,12.75,695.0,4.3821974992752075,1299250.0,4.34835010766983,5.405862510204315
908,8.5,220.0,1.6777950525283813,164650.0,1.4213300347328186,2.19635498523712
909,13.5,352.5,1.2964425086975098,44475.0,1.226040005683899,1.5183299779891974
910,5.0,225.0,3.445654928684234,368500.0,2.8978700637817383,3.21963495016098
911,16.41485507246378,715.5120137299773,2.978873827819329,649043.6336765825,3.0152027458629536,3.543942889077894
912,16.41485507246378,715.5120137299773,2.978873827819329,649043.6336765825,3.0152027458629536,3.543942889077894
913,16.41485507246378,715.5120137299773,2.978873827819329,649043.6336765825,3.0152027458629536,3.543942889077894
914,12.0,456.6666666666667,2.531703313191732,1149666.6666666667,3.962456703186035,4.131279945373533
915,8.75,465.0,3.773777514696121,1367500.0,5.700366814931233,5.017457574605942
916,16.41485507246378,715.5120137299773,2.978873827819329,649043.6336765825,3.0152027458629536,3.543942889077894
917,19.0,1010.0,4.2437100410461435,240000.0,1.61572003364563,3.7695300579071005
918,16.41485507246378,715.5120137299773,2.978873827819329,649043.6336765825,3.0152027458629536,3.543942889077894
919,11.0,570.0,4.899454951286316,433500.0,3.233239889144897,4.14376986026764
920,32.0,1100.0,2.40625,1230000.0,4.169700145721436,4.17788982391357
921,10.0,595.0,4.05706512928009,670000.0,4.453470230102539,4.011390030384065
922,25.25,1172.5,3.7277199029922485,906750.0,3.3357849717140198,4.455767452716827
923,7.75,382.5,4.411685049533844,821750.0,3.82314666112264,4.578610002994537
924,33.0,950.0,1.8596800565719604,101000.0,1.2571300268173218,2.20642995834351
925,16.25,700.0,3.645389974117279,866250.0,3.9762133757273355,4.20730257034302
926,34.5,1590.0,3.7227500677108765,1841750.0,5.747877478599548,5.827657461166384
927,10.0,330.0,2.271739959716797,17900.0,1.0427500009536743,2.3190898895263703
928,16.41485507246378,715.5120137299773,2.978873827819329,649043.6336765825,3.0152027458629536,3.543942889077894
929,5.0,110.0,1.1956499814987185,0.0,3.0152027458629536,1.1115100383758503
930,14.0,685.0,3.971969842910767,1147000.0,3.955575108528137,4.94820499420166
931,15.0,815.0,4.489759922027588,430500.0,3.2177600860595703,3.9058600664138803
932,27.0,1410.0,4.152170181274413,386000.0,1.99235999584198,3.93201994895935
933,16.41485507246378,715.5120137299773,2.978873827819329,649043.6336765825,3.0152027458629536,3.543942889077894
934,5.0,110.0,1.1956499814987185,0.0,3.0152027458629536,1.1115100383758503
935,9.0,322.5,1.985984981060028,127500.0,1.6544150710105896,2.033387511968615
936,7.0,200.0,1.8385100364685056,20300.0,1.0489399433135986,2.07571005821228
937,16.41485507246378,715.5120137299773,2.978873827819329,649043.6336765825,3.0152027458629536,3.543942889077894
938,24.333333333333332,1060.0,2.877143303553263,1187666.6666666667,4.060490012168883,4.384030024210613
939,11.666666666666666,353.3333333333333,1.4695666631062825,234300.0,1.9032349586486816,1.99075663089752
940,7.666666666666667,233.33333333333334,2.0093166828155518,144566.66666666666,1.369523286819458,2.3557699521382633
941,16.41485507246378,715.5120137299773,2.978873827819329,649043.6336765825,3.0152027458629536,3.543942889077894
942,16.41485507246378,715.5120137299773,2.978873827819329,649043.6336765825,3.0152027458629536,3.543942889077894
943,6.0,190.0,1.9782600402832031,1040000.0,6.3625102043151855,3.37063002586365
944,16.41485507246378,715.5120137299773,2.978873827819329,649043.6336765825,3.0152027458629536,3.543942889077894
945,16.41485507246378,715.5120137299773,2.978873827819329,649043.6336765825,3.0152027458629536,3.543942889077894
946,9.0,240.0,1.652169942855835,471000.0,2.2116498947143555,2.63216996192932
947,7.0,250.0,2.5372700691223145,24500.0,1.0597699880599976,2.4801299571991
948,25.5,1025.0,3.651395082473755,401500.0,2.0323550701141357,3.669399976730345
949,13.0,465.0,2.3276400566101074,134000.0,1.6879500150680542,2.237664997577665
950,6.5,150.0,1.21739000082016,49400.0,1.2514499425888062,1.4805150032043448
951,6.0,246.66666666666666,4.598604917526244,426900.0,2.648530125617981,4.620279868443806
952,19.0,500.0,1.6178499460220337,61200.0,1.1544500589370728,2.01009011268616
953,20.0,740.0,2.6630399227142334,192000.0,1.4918899536132812,2.7980899810791002
954,4.0,80.0,1.0,0.0,3.0152027458629536,1.0
955,10.0,250.0,1.4891300201416016,53400.0,1.1343300342559814,1.92525994777679
956,4.5,170.0,2.760870099067688,0.0,3.0152027458629536,2.003570079803465
957,8.0,310.0,2.834239959716797,2270000.0,6.852670192718506,5.95092010498047
958,19.333333333333332,680.0,2.4589734077453613,369666.6666666667,2.42705500125885,2.7536766529083234
959,36.5,1725.0,3.0027649998664856,1010600.0,3.603694975376129,4.1952849626541155
960,16.41485507246378,715.5120137299773,2.978873827819329,649043.6336765825,3.0152027458629536,3.543942889077894
961,19.0,500.0,1.6178499460220337,61200.0,1.1544500589370728,2.01009011268616
962,16.41485507246378,715.5120137299773,2.978873827819329,649043.6336765825,3.0152027458629536,3.543942889077894
963,16.41485507246378,715.5120137299773,2.978873827819329,649043.6336765825,3.0152027458629536,3.543942889077894
964,8.5,235.0,1.6584450006484985,274500.0,2.412869930267334,2.062849998474125
965,16.41485507246378,715.5120137299773,2.978873827819329,649043.6336765825,3.0152027458629536,3.543942889077894
966,6.0,160.0,1.652169942855835,377000.0,1.9691499471664429,2.49396991729736
967,16.41485507246378,715.5120137299773,2.978873827819329,649043.6336765825,3.0152027458629536,3.543942889077894
968,16.41485507246378,715.5120137299773,2.978873827819329,649043.6336765825,3.0152027458629536,3.543942889077894
