,directors_movieCount,directors_ratingSum,directors_normalizedMovieRank,directors_googleHits,directors_normalizedGoogleRank,directors_normalizedRating
0,6.6552059052059045,322.2766122766123,2.909255838523841,257732.2999222999,2.902939516301292,3.2353892118410257
1,4.0,90.0,1.1776299476623535,29400.0,1.2098100185394287,1.2133100032806399
2,6.6552059052059045,322.2766122766123,2.909255838523841,257732.2999222999,2.902939516301292,3.2353892118410257
3,3.0,140.0,2.894740104675293,1480.0,1.0019400119781494,2.84984993934631
4,5.0,300.0,3.84210991859436,790000.0,6.872879981994629,4.92204999923706
5,16.0,640.0,2.4210500717163086,356000.0,3.6415200233459473,2.90282011032104
6,5.0,430.0,5.689469814300537,1050000.0,8.808719635009766,7.10459995269775
7,6.6552059052059045,322.2766122766123,2.909255838523841,257732.2999222999,2.902939516301292,3.2353892118410257
8,6.6552059052059045,322.2766122766123,2.909255838523841,257732.2999222999,2.902939516301292,3.2353892118410257
9,10.0,580.0,3.7000000476837163,4295.0,1.0228950381278992,3.640475034713745
10,6.6552059052059045,322.2766122766123,2.909255838523841,257732.2999222999,2.902939516301292,3.2353892118410257
11,6.6552059052059045,322.2766122766123,2.909255838523841,257732.2999222999,2.902939516301292,3.2353892118410257
12,10.0,490.0,3.060529947280884,185000.0,2.368340015411377,3.27870988845825
13,3.0,80.0,1.4736800193786619,9400.0,1.0608999729156494,1.4733799695968601
14,4.0,80.0,1.0,1060000.0,8.883170127868652,2.53876996040344
15,5.0,240.0,2.9894700050354004,75400.0,1.5523099899291992,3.04990005493164
16,6.0,170.0,1.59211003780365,28300.0,1.2016199827194214,1.61653995513916
17,5.0,310.0,3.9842100143432617,112000.0,1.824820041656494,4.074729919433589
18,7.0,420.0,3.84210991859436,239000.0,2.770400047302246,4.12063980102539
19,6.6552059052059045,322.2766122766123,2.909255838523841,257732.2999222999,2.902939516301292,3.2353892118410257
20,6.6552059052059045,322.2766122766123,2.909255838523841,257732.2999222999,2.902939516301292,3.2353892118410257
21,3.0,140.0,2.894740104675293,1480.0,1.0019400119781494,2.84984993934631
22,7.0,370.0,3.334589958190918,227000.0,2.681050062179565,3.6074800491332994
23,10.0,580.0,3.7000000476837163,4295.0,1.0228950381278992,3.640475034713745
24,11.0,670.0,3.9066998958587646,622000.0,5.622029781341553,4.740789890289309
25,6.6552059052059045,322.2766122766123,2.909255838523841,257732.2999222999,2.902939516301292,3.2353892118410257
26,9.0,380.0,2.5789499282836914,97300.0,1.7153700590133667,2.6807799339294403
27,6.6552059052059045,322.2766122766123,2.909255838523841,257732.2999222999,2.902939516301292,3.2353892118410257
28,6.0,150.0,1.3552600145339966,35100.0,1.2522499561309814,1.39509999752045
29,6.6552059052059045,322.2766122766123,2.909255838523841,257732.2999222999,2.902939516301292,3.2353892118410257
30,4.0,280.0,4.5526299476623535,29900.0,1.2135399580001829,4.5105099678039595
31,4.0,290.0,4.730259895324707,742000.0,6.5154900550842285,5.71972990036011
32,3.0,130.0,2.65789008140564,14700.0,1.1003700494766235,2.63774991035461
33,7.0,310.0,2.725559949874878,42300.0,1.3058600425720217,2.7439899444580096
34,5.0,180.0,2.1368401050567627,937000.0,7.96737003326416,3.4702699184417702
35,6.6552059052059045,322.2766122766123,2.909255838523841,257732.2999222999,2.902939516301292,3.2353892118410257
36,17.0,680.0,2.4210500717163086,934000.0,7.945040225982666,3.74349999427795
37,6.6552059052059045,322.2766122766123,2.909255838523841,257732.2999222999,2.902939516301292,3.2353892118410257
38,6.6552059052059045,322.2766122766123,2.909255838523841,257732.2999222999,2.902939516301292,3.2353892118410257
39,19.0,1050.0,3.505539894104004,277000.0,3.053329944610596,3.84717988967896
40,3.0,60.0,1.0,64400.0,1.4704099893569946,1.09071004390717
41,6.6552059052059045,322.2766122766123,2.909255838523841,257732.2999222999,2.902939516301292,3.2353892118410257
42,6.0,130.0,1.1184200048446655,4020.0,1.0208499431610107,1.1185599565506001
43,9.0,230.0,1.3947399854660034,57600.0,1.4197800159454346,1.46638000011444
44,6.6552059052059045,322.2766122766123,2.909255838523841,257732.2999222999,2.902939516301292,3.2353892118410257
45,9.0,230.0,1.3947399854660034,57600.0,1.4197800159454346,1.46638000011444
46,5.0,260.0,3.2736799716949463,7700.0,1.0482499599456787,3.2290298938751203
47,6.6552059052059045,322.2766122766123,2.909255838523841,257732.2999222999,2.902939516301292,3.2353892118410257
48,3.0,120.0,2.4210500717163086,1010000.0,8.510899543762207,3.8540399074554403
49,6.6552059052059045,322.2766122766123,2.909255838523841,257732.2999222999,2.902939516301292,3.2353892118410257
50,6.6552059052059045,322.2766122766123,2.909255838523841,257732.2999222999,2.902939516301292,3.2353892118410257
51,6.6552059052059045,322.2766122766123,2.909255838523841,257732.2999222999,2.902939516301292,3.2353892118410257
52,3.0,90.0,1.7105300426483154,23200.0,1.1636500358581543,1.72478997707367
53,6.6552059052059045,322.2766122766123,2.909255838523841,257732.2999222999,2.902939516301292,3.2353892118410257
54,4.0,90.0,1.1776299476623535,29400.0,1.2098100185394287,1.2133100032806399
55,6.6552059052059045,322.2766122766123,2.909255838523841,257732.2999222999,2.902939516301292,3.2353892118410257
56,6.6552059052059045,322.2766122766123,2.909255838523841,257732.2999222999,2.902939516301292,3.2353892118410257
57,3.0,60.0,1.0,52400.0,1.381060004234314,1.0732599496841402
58,6.6552059052059045,322.2766122766123,2.909255838523841,257732.2999222999,2.902939516301292,3.2353892118410257
59,5.0,140.0,1.5684200525283811,542000.0,5.026390075683594,2.34055995941162
60,6.0,150.0,1.3552600145339966,35100.0,1.2522499561309814,1.39509999752045
61,6.6552059052059045,322.2766122766123,2.909255838523841,257732.2999222999,2.902939516301292,3.2353892118410257
62,6.6552059052059045,322.2766122766123,2.909255838523841,257732.2999222999,2.902939516301292,3.2353892118410257
63,3.0,100.0,1.9473700523376465,75000.0,1.5493299961090088,2.03146004676819
64,6.6552059052059045,322.2766122766123,2.909255838523841,257732.2999222999,2.902939516301292,3.2353892118410257
65,6.6552059052059045,322.2766122766123,2.909255838523841,257732.2999222999,2.902939516301292,3.2353892118410257
66,6.6552059052059045,322.2766122766123,2.909255838523841,257732.2999222999,2.902939516301292,3.2353892118410257
67,16.0,640.0,2.4210500717163086,356000.0,3.6415200233459473,2.90282011032104
68,5.0,240.0,2.9894700050354004,75400.0,1.5523099899291992,3.04990005493164
69,6.0,410.0,4.434209823608398,16600.0,1.1145100593566897,4.3755002021789595
70,4.0,290.0,4.730259895324707,742000.0,6.5154900550842285,5.71972990036011
71,9.0,380.0,2.5789499282836914,97300.0,1.7153700590133667,2.6807799339294403
72,10.0,580.0,3.7000000476837163,4295.0,1.0228950381278992,3.640475034713745
73,6.6552059052059045,322.2766122766123,2.909255838523841,257732.2999222999,2.902939516301292,3.2353892118410257
74,7.0,390.0,3.5375900268554688,105000.0,1.772699952125549,3.6283199787139906
75,6.6552059052059045,322.2766122766123,2.909255838523841,257732.2999222999,2.902939516301292,3.2353892118410257
76,6.6552059052059045,322.2766122766123,2.909255838523841,257732.2999222999,2.902939516301292,3.2353892118410257
77,6.6552059052059045,322.2766122766123,2.909255838523841,257732.2999222999,2.902939516301292,3.2353892118410257
78,11.0,670.0,3.9066998958587646,622000.0,5.622029781341553,4.740789890289309
79,3.0,80.0,1.4736800193786619,95800.0,1.704200029373169,1.5990500450134297
80,6.6552059052059045,322.2766122766123,2.909255838523841,257732.2999222999,2.902939516301292,3.2353892118410257
81,6.6552059052059045,322.2766122766123,2.909255838523841,257732.2999222999,2.902939516301292,3.2353892118410257
82,6.6552059052059045,322.2766122766123,2.909255838523841,257732.2999222999,2.902939516301292,3.2353892118410257
83,3.0,240.0,5.263160228729248,68900.0,1.5039099454879759,5.26122999191284
84,11.0,670.0,3.9066998958587646,622000.0,5.622029781341553,4.740789890289309
85,3.0,70.0,1.236840009689331,1710.0,1.0036499500274658,1.23087000846863
86,6.6552059052059045,322.2766122766123,2.909255838523841,257732.2999222999,2.902939516301292,3.2353892118410257
87,5.0,130.0,1.42631995677948,22800.0,1.160670042037964,1.44660997390747
88,3.0,140.0,2.894740104675293,1480.0,1.0019400119781494,2.84984993934631
89,6.6552059052059045,322.2766122766123,2.909255838523841,257732.2999222999,2.902939516301292,3.2353892118410257
90,8.0,250.0,1.799340009689331,24800.0,1.175570011138916,1.8138600587844802
91,6.6552059052059045,322.2766122766123,2.909255838523841,257732.2999222999,2.902939516301292,3.2353892118410257
92,6.6552059052059045,322.2766122766123,2.909255838523841,257732.2999222999,2.902939516301292,3.2353892118410257
93,6.6552059052059045,322.2766122766123,2.909255838523841,257732.2999222999,2.902939516301292,3.2353892118410257
94,7.0,600.0,5.669169902801514,34400.0,1.247040033340454,5.607619762420651
95,6.6552059052059045,322.2766122766123,2.909255838523841,257732.2999222999,2.902939516301292,3.2353892118410257
96,5.0,130.0,1.42631995677948,22800.0,1.160670042037964,1.44660997390747
97,6.6552059052059045,322.2766122766123,2.909255838523841,257732.2999222999,2.902939516301292,3.2353892118410257
98,3.0,80.0,1.4736800193786619,95800.0,1.704200029373169,1.5990500450134297
99,6.6552059052059045,322.2766122766123,2.909255838523841,257732.2999222999,2.902939516301292,3.2353892118410257
100,6.6552059052059045,322.2766122766123,2.909255838523841,257732.2999222999,2.902939516301292,3.2353892118410257
101,17.0,680.0,2.4210500717163086,934000.0,7.945040225982666,3.74349999427795
102,6.6552059052059045,322.2766122766123,2.909255838523841,257732.2999222999,2.902939516301292,3.2353892118410257
103,7.0,420.0,3.84210991859436,239000.0,2.770400047302246,4.12063980102539
104,10.0,490.0,3.060529947280884,185000.0,2.368340015411377,3.27870988845825
105,6.0,270.0,2.776319980621338,11100.0,1.0735599994659424,2.74817991256714
106,4.0,140.0,2.0657899379730225,58700.0,1.427970051765442,2.12342000007629
107,5.0,240.0,2.9894700050354004,75400.0,1.5523099899291992,3.04990005493164
108,6.6552059052059045,322.2766122766123,2.909255838523841,257732.2999222999,2.902939516301292,3.2353892118410257
109,6.6552059052059045,322.2766122766123,2.909255838523841,257732.2999222999,2.902939516301292,3.2353892118410257
110,4.0,170.0,2.598680019378662,59100.0,1.4309500455856323,2.64449000358582
111,5.0,190.0,2.2789499759674072,53700.0,1.3907400369644165,2.3243401050567596
112,7.0,310.0,2.725559949874878,42300.0,1.3058600425720217,2.7439899444580096
113,4.0,440.0,7.394740104675293,1060000.0,8.883170127868652,8.78472995758057
114,6.6552059052059045,322.2766122766123,2.909255838523841,257732.2999222999,2.902939516301292,3.2353892118410257
115,6.6552059052059045,322.2766122766123,2.909255838523841,257732.2999222999,2.902939516301292,3.2353892118410257
116,6.0,410.0,4.434209823608398,16600.0,1.1145100593566897,4.3755002021789595
117,6.6552059052059045,322.2766122766123,2.909255838523841,257732.2999222999,2.902939516301292,3.2353892118410257
118,6.0,290.0,3.013159990310669,64100.0,1.4681700468063354,3.0566000938415496
119,6.6552059052059045,322.2766122766123,2.909255838523841,257732.2999222999,2.902939516301292,3.2353892118410257
120,6.6552059052059045,322.2766122766123,2.909255838523841,257732.2999222999,2.902939516301292,3.2353892118410257
121,6.6552059052059045,322.2766122766123,2.909255838523841,257732.2999222999,2.902939516301292,3.2353892118410257
122,6.6552059052059045,322.2766122766123,2.909255838523841,257732.2999222999,2.902939516301292,3.2353892118410257
123,6.6552059052059045,322.2766122766123,2.909255838523841,257732.2999222999,2.902939516301292,3.2353892118410257
124,4.0,140.0,2.0657899379730225,58700.0,1.427970051765442,2.12342000007629
125,3.0,90.0,1.7105300426483154,79500.0,1.5828399658203125,1.8066699504852302
126,6.6552059052059045,322.2766122766123,2.909255838523841,257732.2999222999,2.902939516301292,3.2353892118410257
127,5.0,140.0,1.5684200525283811,24800.0,1.175570011138916,1.5883100032806399
128,8.0,240.0,1.7105300426483154,928000.0,7.900360107421875,3.04078006744385
129,6.6552059052059045,322.2766122766123,2.909255838523841,257732.2999222999,2.902939516301292,3.2353892118410257
130,6.6552059052059045,322.2766122766123,2.909255838523841,257732.2999222999,2.902939516301292,3.2353892118410257
131,6.6552059052059045,322.2766122766123,2.909255838523841,257732.2999222999,2.902939516301292,3.2353892118410257
132,5.0,140.0,1.5684200525283811,36900.0,1.265660047531128,1.6059099435806299
133,3.0,120.0,2.4210500717163086,0.0,0.0,2.1914598941803
134,6.6552059052059045,322.2766122766123,2.909255838523841,257732.2999222999,2.902939516301292,3.2353892118410257
135,3.0,90.0,1.7105300426483154,23200.0,1.1636500358581543,1.72478997707367
136,3.0,70.0,1.236840009689331,2300.0,1.0080399513244631,1.2317199707031201
137,6.0,190.0,1.828950047492981,18700.0,1.1301499605178833,1.83390998840332
138,6.6552059052059045,322.2766122766123,2.909255838523841,257732.2999222999,2.902939516301292,3.2353892118410257
139,3.0,70.0,1.236840009689331,3100.0,1.0140000581741333,1.2328900098800701
140,5.0,130.0,1.42631995677948,149000.0,2.100300073623657,1.63015997409821
141,6.6552059052059045,322.2766122766123,2.909255838523841,257732.2999222999,2.902939516301292,3.2353892118410257
142,6.6552059052059045,322.2766122766123,2.909255838523841,257732.2999222999,2.902939516301292,3.2353892118410257
143,6.6552059052059045,322.2766122766123,2.909255838523841,257732.2999222999,2.902939516301292,3.2353892118410257
144,5.0,140.0,1.5684200525283811,542000.0,5.026390075683594,2.34055995941162
145,5.0,250.0,3.1315801143646236,460000.0,4.415860176086426,3.7480800151825
146,6.6552059052059045,322.2766122766123,2.909255838523841,257732.2999222999,2.902939516301292,3.2353892118410257
147,6.6552059052059045,322.2766122766123,2.909255838523841,257732.2999222999,2.902939516301292,3.2353892118410257
148,5.0,120.0,1.284209966659546,5370.0,1.0309000015258791,1.28245997428894
149,4.0,180.0,2.776319980621338,37000.0,1.2663999795913696,2.7858500480651895
150,19.0,1050.0,3.505539894104004,277000.0,3.053329944610596,3.84717988967896
151,6.6552059052059045,322.2766122766123,2.909255838523841,257732.2999222999,2.902939516301292,3.2353892118410257
152,8.0,510.0,4.108550071716309,755000.0,6.612289905548097,5.13139009475708
153,7.0,370.0,3.334589958190918,227000.0,2.681050062179565,3.6074800491332994
154,6.6552059052059045,322.2766122766123,2.909255838523841,257732.2999222999,2.902939516301292,3.2353892118410257
155,6.6552059052059045,322.2766122766123,2.909255838523841,257732.2999222999,2.902939516301292,3.2353892118410257
156,9.0,380.0,2.5789499282836914,97300.0,1.7153700590133667,2.6807799339294403
157,16.0,640.0,2.4210500717163086,356000.0,3.6415200233459473,2.90282011032104
158,3.0,440.0,10.0,146000.0,2.0779600143432617,10.0
159,5.0,300.0,3.84210991859436,790000.0,6.872879981994629,4.92204999923706
160,6.6552059052059045,322.2766122766123,2.909255838523841,257732.2999222999,2.902939516301292,3.2353892118410257
161,3.0,90.0,1.7105300426483154,278000.0,3.0607700347900386,2.09538006782532
162,16.0,640.0,2.4210500717163086,356000.0,3.6415200233459473,2.90282011032104
163,6.6552059052059045,322.2766122766123,2.909255838523841,257732.2999222999,2.902939516301292,3.2353892118410257
164,5.0,310.0,3.9842100143432617,112000.0,1.824820041656494,4.074729919433589
165,3.0,70.0,1.236840009689331,2300.0,1.0080399513244631,1.2317199707031201
166,6.6552059052059045,322.2766122766123,2.909255838523841,257732.2999222999,2.902939516301292,3.2353892118410257
167,6.6552059052059045,322.2766122766123,2.909255838523841,257732.2999222999,2.902939516301292,3.2353892118410257
168,6.6552059052059045,322.2766122766123,2.909255838523841,257732.2999222999,2.902939516301292,3.2353892118410257
169,3.0,70.0,1.236840009689331,2300.0,1.0080399513244631,1.2317199707031201
170,3.0,170.0,3.605259895324707,921000.0,7.8482398986816415,4.88124990463257
171,10.0,950.0,6.328949928283691,437000.0,4.244609832763672,6.837609767913821
172,6.6552059052059045,322.2766122766123,2.909255838523841,257732.2999222999,2.902939516301292,3.2353892118410257
173,6.6552059052059045,322.2766122766123,2.909255838523841,257732.2999222999,2.902939516301292,3.2353892118410257
174,16.0,640.0,2.4210500717163086,356000.0,3.6415200233459473,2.90282011032104
175,6.6552059052059045,322.2766122766123,2.909255838523841,257732.2999222999,2.902939516301292,3.2353892118410257
176,6.6552059052059045,322.2766122766123,2.909255838523841,257732.2999222999,2.902939516301292,3.2353892118410257
177,4.0,100.0,1.3552600145339966,71100.0,1.5202900171279907,1.44746005535126
178,6.6552059052059045,322.2766122766123,2.909255838523841,257732.2999222999,2.902939516301292,3.2353892118410257
179,6.6552059052059045,322.2766122766123,2.909255838523841,257732.2999222999,2.902939516301292,3.2353892118410257
180,4.0,110.0,1.53288996219635,32800.0,1.235129952430725,1.5652500391006499
181,6.6552059052059045,322.2766122766123,2.909255838523841,257732.2999222999,2.902939516301292,3.2353892118410257
182,6.6552059052059045,322.2766122766123,2.909255838523841,257732.2999222999,2.902939516301292,3.2353892118410257
183,6.0,130.0,1.1184200048446655,93300.0,1.6855800151824951,1.2484099864959701
184,5.0,120.0,1.284209966659546,5370.0,1.0309000015258791,1.28245997428894
185,5.0,120.0,1.284209966659546,5370.0,1.0309000015258791,1.28245997428894
186,6.6552059052059045,322.2766122766123,2.909255838523841,257732.2999222999,2.902939516301292,3.2353892118410257
187,6.6552059052059045,322.2766122766123,2.909255838523841,257732.2999222999,2.902939516301292,3.2353892118410257
188,6.6552059052059045,322.2766122766123,2.909255838523841,257732.2999222999,2.902939516301292,3.2353892118410257
189,6.6552059052059045,322.2766122766123,2.909255838523841,257732.2999222999,2.902939516301292,3.2353892118410257
190,6.0,390.0,4.197370052337647,1110000.0,9.255450248718262,5.73446989059448
191,3.0,60.0,1.0,52400.0,1.381060004234314,1.0732599496841402
192,6.6552059052059045,322.2766122766123,2.909255838523841,257732.2999222999,2.902939516301292,3.2353892118410257
193,6.6552059052059045,322.2766122766123,2.909255838523841,257732.2999222999,2.902939516301292,3.2353892118410257
194,4.0,330.0,5.440790176391602,153000.0,2.130079984664917,5.5570502281189
195,6.6552059052059045,322.2766122766123,2.909255838523841,257732.2999222999,2.902939516301292,3.2353892118410257
196,8.0,510.0,4.108550071716309,755000.0,6.612289905548097,5.13139009475708
197,4.0,280.0,4.5526299476623535,29900.0,1.2135399580001829,4.5105099678039595
198,7.0,420.0,3.84210991859436,239000.0,2.770400047302246,4.12063980102539
199,7.0,420.0,3.84210991859436,239000.0,2.770400047302246,4.12063980102539
200,5.0,130.0,1.42631995677948,13800.0,1.0936599969863892,1.43351995944977
201,6.6552059052059045,322.2766122766123,2.909255838523841,257732.2999222999,2.902939516301292,3.2353892118410257
202,6.6552059052059045,322.2766122766123,2.909255838523841,257732.2999222999,2.902939516301292,3.2353892118410257
203,6.6552059052059045,322.2766122766123,2.909255838523841,257732.2999222999,2.902939516301292,3.2353892118410257
204,6.0,150.0,1.3552600145339966,35100.0,1.2522499561309814,1.39509999752045
205,6.6552059052059045,322.2766122766123,2.909255838523841,257732.2999222999,2.902939516301292,3.2353892118410257
206,6.6552059052059045,322.2766122766123,2.909255838523841,257732.2999222999,2.902939516301292,3.2353892118410257
207,6.6552059052059045,322.2766122766123,2.909255838523841,257732.2999222999,2.902939516301292,3.2353892118410257
208,6.6552059052059045,322.2766122766123,2.909255838523841,257732.2999222999,2.902939516301292,3.2353892118410257
209,5.0,130.0,1.42631995677948,13800.0,1.0936599969863892,1.43351995944977
210,6.0,290.0,3.013159990310669,64100.0,1.4681700468063354,3.0566000938415496
211,6.6552059052059045,322.2766122766123,2.909255838523841,257732.2999222999,2.902939516301292,3.2353892118410257
212,6.6552059052059045,322.2766122766123,2.909255838523841,257732.2999222999,2.902939516301292,3.2353892118410257
213,16.0,640.0,2.4210500717163086,356000.0,3.6415200233459473,2.90282011032104
214,16.0,640.0,2.4210500717163086,356000.0,3.6415200233459473,2.90282011032104
215,9.0,230.0,1.3947399854660034,57600.0,1.4197800159454346,1.46638000011444
216,11.0,670.0,3.9066998958587646,622000.0,5.622029781341553,4.740789890289309
217,10.0,580.0,3.7000000476837163,4295.0,1.0228950381278992,3.640475034713745
218,4.0,120.0,1.7105300426483154,10300.0,1.0676100254058838,1.70601999759674
219,6.6552059052059045,322.2766122766123,2.909255838523841,257732.2999222999,2.902939516301292,3.2353892118410257
220,6.6552059052059045,322.2766122766123,2.909255838523841,257732.2999222999,2.902939516301292,3.2353892118410257
221,6.6552059052059045,322.2766122766123,2.909255838523841,257732.2999222999,2.902939516301292,3.2353892118410257
222,6.6552059052059045,322.2766122766123,2.909255838523841,257732.2999222999,2.902939516301292,3.2353892118410257
223,9.0,230.0,1.3947399854660034,57600.0,1.4197800159454346,1.46638000011444
224,3.0,130.0,2.65789008140564,14700.0,1.1003700494766235,2.63774991035461
225,6.0,410.0,4.434209823608398,16600.0,1.1145100593566897,4.3755002021789595
226,3.0,120.0,2.4210500717163086,0.0,0.0,2.1914598941803
227,6.6552059052059045,322.2766122766123,2.909255838523841,257732.2999222999,2.902939516301292,3.2353892118410257
228,6.6552059052059045,322.2766122766123,2.909255838523841,257732.2999222999,2.902939516301292,3.2353892118410257
229,6.6552059052059045,322.2766122766123,2.909255838523841,257732.2999222999,2.902939516301292,3.2353892118410257
230,6.6552059052059045,322.2766122766123,2.909255838523841,257732.2999222999,2.902939516301292,3.2353892118410257
231,6.6552059052059045,322.2766122766123,2.909255838523841,257732.2999222999,2.902939516301292,3.2353892118410257
232,6.6552059052059045,322.2766122766123,2.909255838523841,257732.2999222999,2.902939516301292,3.2353892118410257
233,5.0,180.0,2.1368401050567627,937000.0,7.96737003326416,3.4702699184417702
234,3.0,70.0,1.236840009689331,13900.0,1.0944099426269531,1.2486000061035198
235,6.6552059052059045,322.2766122766123,2.909255838523841,257732.2999222999,2.902939516301292,3.2353892118410257
236,8.0,510.0,4.108550071716309,755000.0,6.612289905548097,5.13139009475708
237,17.0,680.0,2.4210500717163086,934000.0,7.945040225982666,3.74349999427795
238,6.6552059052059045,322.2766122766123,2.909255838523841,257732.2999222999,2.902939516301292,3.2353892118410257
239,17.0,680.0,2.4210500717163086,934000.0,7.945040225982666,3.74349999427795
240,9.0,230.0,1.3947399854660034,57600.0,1.4197800159454346,1.46638000011444
241,3.0,80.0,1.4736800193786619,9400.0,1.0608999729156494,1.4733799695968601
242,19.0,1050.0,3.505539894104004,277000.0,3.053329944610596,3.84717988967896
243,19.0,1050.0,3.505539894104004,277000.0,3.053329944610596,3.84717988967896
244,5.0,140.0,1.5684200525283811,24800.0,1.175570011138916,1.5883100032806399
245,3.0,110.0,2.184210062026977,67500.0,1.4934899806976318,2.2518799304962203
246,6.6552059052059045,322.2766122766123,2.909255838523841,257732.2999222999,2.902939516301292,3.2353892118410257
247,6.6552059052059045,322.2766122766123,2.909255838523841,257732.2999222999,2.902939516301292,3.2353892118410257
248,6.6552059052059045,322.2766122766123,2.909255838523841,257732.2999222999,2.902939516301292,3.2353892118410257
249,5.0,310.0,3.9842100143432617,112000.0,1.824820041656494,4.074729919433589
250,3.0,70.0,1.236840009689331,3100.0,1.0140000581741333,1.2328900098800701
251,6.6552059052059045,322.2766122766123,2.909255838523841,257732.2999222999,2.902939516301292,3.2353892118410257
252,9.0,380.0,2.5789499282836914,97300.0,1.7153700590133667,2.6807799339294403
253,6.6552059052059045,322.2766122766123,2.909255838523841,257732.2999222999,2.902939516301292,3.2353892118410257
254,9.0,380.0,2.5789499282836914,97300.0,1.7153700590133667,2.6807799339294403
255,6.6552059052059045,322.2766122766123,2.909255838523841,257732.2999222999,2.902939516301292,3.2353892118410257
256,10.0,490.0,3.060529947280884,185000.0,2.368340015411377,3.27870988845825
257,6.6552059052059045,322.2766122766123,2.909255838523841,257732.2999222999,2.902939516301292,3.2353892118410257
258,16.0,640.0,2.4210500717163086,356000.0,3.6415200233459473,2.90282011032104
259,5.0,140.0,1.5684200525283811,24800.0,1.175570011138916,1.5883100032806399
260,5.0,140.0,1.5684200525283811,24800.0,1.175570011138916,1.5883100032806399
261,5.0,240.0,2.9894700050354004,75400.0,1.5523099899291992,3.04990005493164
262,6.6552059052059045,322.2766122766123,2.909255838523841,257732.2999222999,2.902939516301292,3.2353892118410257
263,6.0,170.0,1.59211003780365,28300.0,1.2016199827194214,1.61653995513916
264,5.0,140.0,1.5684200525283811,542000.0,5.026390075683594,2.34055995941162
265,6.0,290.0,3.013159990310669,64100.0,1.4681700468063354,3.0566000938415496
266,16.0,640.0,2.4210500717163086,356000.0,3.6415200233459473,2.90282011032104
267,6.0,130.0,1.1184200048446655,4020.0,1.0208499431610107,1.1185599565506001
268,6.6552059052059045,322.2766122766123,2.909255838523841,257732.2999222999,2.902939516301292,3.2353892118410257
269,6.6552059052059045,322.2766122766123,2.909255838523841,257732.2999222999,2.902939516301292,3.2353892118410257
270,6.6552059052059045,322.2766122766123,2.909255838523841,257732.2999222999,2.902939516301292,3.2353892118410257
271,3.0,240.0,5.263160228729248,68900.0,1.5039099454879759,5.26122999191284
272,11.0,670.0,3.9066998958587646,622000.0,5.622029781341553,4.740789890289309
273,6.6552059052059045,322.2766122766123,2.909255838523841,257732.2999222999,2.902939516301292,3.2353892118410257
274,6.6552059052059045,322.2766122766123,2.909255838523841,257732.2999222999,2.902939516301292,3.2353892118410257
275,5.0,250.0,3.1315801143646236,460000.0,4.415860176086426,3.7480800151825
276,7.0,370.0,3.334589958190918,227000.0,2.681050062179565,3.6074800491332994
277,4.0,140.0,2.0657899379730225,58700.0,1.427970051765442,2.12342000007629
278,6.6552059052059045,322.2766122766123,2.909255838523841,257732.2999222999,2.902939516301292,3.2353892118410257
279,7.0,600.0,5.669169902801514,34400.0,1.247040033340454,5.607619762420651
280,6.6552059052059045,322.2766122766123,2.909255838523841,257732.2999222999,2.902939516301292,3.2353892118410257
281,5.0,270.0,3.41579008102417,1050000.0,8.808719635009766,4.88381004333496
282,8.0,560.0,4.5526299476623535,319000.0,3.3660399913787837,4.93099021911621
283,19.0,1050.0,3.505539894104004,277000.0,3.053329944610596,3.84717988967896
284,8.0,210.0,1.4440799951553345,25900.0,1.1837600469589231,1.46845996379852
285,6.6552059052059045,322.2766122766123,2.909255838523841,257732.2999222999,2.902939516301292,3.2353892118410257
286,3.0,60.0,1.0,4380.0,1.0235300064086914,1.00341999530792
287,5.0,400.0,5.263160228729248,312000.0,3.313920021057129,5.6148099899292
288,6.0,270.0,2.776319980621338,11100.0,1.0735599994659424,2.74817991256714
289,6.6552059052059045,322.2766122766123,2.909255838523841,257732.2999222999,2.902939516301292,3.2353892118410257
290,6.6552059052059045,322.2766122766123,2.909255838523841,257732.2999222999,2.902939516301292,3.2353892118410257
291,6.0,190.0,1.828950047492981,18700.0,1.1301499605178833,1.83390998840332
292,3.0,90.0,1.7105300426483154,278000.0,3.0607700347900386,2.09538006782532
293,6.6552059052059045,322.2766122766123,2.909255838523841,257732.2999222999,2.902939516301292,3.2353892118410257
294,3.0,70.0,1.236840009689331,1710.0,1.0036499500274658,1.23087000846863
295,3.0,80.0,1.4736800193786619,4190.0,1.0221099853515625,1.46580004692078
296,5.0,270.0,3.1315799951553345,120110.0,1.885200023651123,3.253724932670595
297,6.6552059052059045,322.2766122766123,2.909255838523841,257732.2999222999,2.902939516301292,3.2353892118410257
298,11.0,585.0,2.9632949829101562,139110.0,2.026664972305298,3.11699497699738
299,6.6552059052059045,322.2766122766123,2.909255838523841,257732.2999222999,2.902939516301292,3.2353892118410257
300,6.6552059052059045,322.2766122766123,2.909255838523841,257732.2999222999,2.902939516301292,3.2353892118410257
301,6.6552059052059045,322.2766122766123,2.909255838523841,257732.2999222999,2.902939516301292,3.2353892118410257
302,6.6552059052059045,322.2766122766123,2.909255838523841,257732.2999222999,2.902939516301292,3.2353892118410257
303,4.0,100.0,1.3552600145339966,71100.0,1.5202900171279907,1.44746005535126
304,6.6552059052059045,322.2766122766123,2.909255838523841,257732.2999222999,2.902939516301292,3.2353892118410257
305,6.6552059052059045,322.2766122766123,2.909255838523841,257732.2999222999,2.902939516301292,3.2353892118410257
306,6.6552059052059045,322.2766122766123,2.909255838523841,257732.2999222999,2.902939516301292,3.2353892118410257
307,6.6552059052059045,322.2766122766123,2.909255838523841,257732.2999222999,2.902939516301292,3.2353892118410257
308,6.6552059052059045,322.2766122766123,2.909255838523841,257732.2999222999,2.902939516301292,3.2353892118410257
309,9.0,230.0,1.3947399854660034,57600.0,1.4197800159454346,1.46638000011444
310,6.6552059052059045,322.2766122766123,2.909255838523841,257732.2999222999,2.902939516301292,3.2353892118410257
311,8.0,250.0,1.799340009689331,24800.0,1.175570011138916,1.8138600587844802
312,5.0,120.0,1.284209966659546,5370.0,1.0309000015258791,1.28245997428894
313,19.0,1050.0,3.505539894104004,277000.0,3.053329944610596,3.84717988967896
314,4.0,80.0,1.0,2420.0,1.008929967880249,1.00057005882263
315,6.6552059052059045,322.2766122766123,2.909255838523841,257732.2999222999,2.902939516301292,3.2353892118410257
316,10.0,580.0,3.7000000476837163,4295.0,1.0228950381278992,3.640475034713745
317,6.6552059052059045,322.2766122766123,2.909255838523841,257732.2999222999,2.902939516301292,3.2353892118410257
318,4.0,90.0,1.1776299476623535,41500.0,1.2999099493026731,1.2309099435806299
319,6.6552059052059045,322.2766122766123,2.909255838523841,257732.2999222999,2.902939516301292,3.2353892118410257
320,6.6552059052059045,322.2766122766123,2.909255838523841,257732.2999222999,2.902939516301292,3.2353892118410257
321,6.6552059052059045,322.2766122766123,2.909255838523841,257732.2999222999,2.902939516301292,3.2353892118410257
322,3.0,60.0,1.0,4380.0,1.0235300064086914,1.00341999530792
323,6.6552059052059045,322.2766122766123,2.909255838523841,257732.2999222999,2.902939516301292,3.2353892118410257
324,5.0,190.0,2.2789499759674072,53700.0,1.3907400369644165,2.3243401050567596
325,6.6552059052059045,322.2766122766123,2.909255838523841,257732.2999222999,2.902939516301292,3.2353892118410257
326,6.6552059052059045,322.2766122766123,2.909255838523841,257732.2999222999,2.902939516301292,3.2353892118410257
327,5.0,260.0,3.2736799716949463,7700.0,1.0482499599456787,3.2290298938751203
328,6.6552059052059045,322.2766122766123,2.909255838523841,257732.2999222999,2.902939516301292,3.2353892118410257
329,6.0,130.0,1.1184200048446655,93300.0,1.6855800151824951,1.2484099864959701
330,10.0,490.0,3.060529947280884,185000.0,2.368340015411377,3.27870988845825
331,5.0,210.0,2.563159942626953,769000.0,6.716519832611084,3.6423099040985094
332,7.0,600.0,5.669169902801514,34400.0,1.247040033340454,5.607619762420651
333,3.0,130.0,2.65789008140564,3030.0,1.0134799480438232,2.6207799911499
334,5.0,180.0,2.1368401050567627,937000.0,7.96737003326416,3.4702699184417702
335,9.0,380.0,2.5789499282836914,97300.0,1.7153700590133667,2.6807799339294403
336,6.0,170.0,1.59211003780365,28300.0,1.2016199827194214,1.61653995513916
337,17.0,680.0,2.4210500717163086,934000.0,7.945040225982666,3.74349999427795
338,6.6552059052059045,322.2766122766123,2.909255838523841,257732.2999222999,2.902939516301292,3.2353892118410257
339,6.6552059052059045,322.2766122766123,2.909255838523841,257732.2999222999,2.902939516301292,3.2353892118410257
340,6.6552059052059045,322.2766122766123,2.909255838523841,257732.2999222999,2.902939516301292,3.2353892118410257
341,6.6552059052059045,322.2766122766123,2.909255838523841,257732.2999222999,2.902939516301292,3.2353892118410257
342,6.0,270.0,2.776319980621338,11100.0,1.0735599994659424,2.74817991256714
343,6.6552059052059045,322.2766122766123,2.909255838523841,257732.2999222999,2.902939516301292,3.2353892118410257
344,16.0,640.0,2.4210500717163086,356000.0,3.6415200233459473,2.90282011032104
345,8.0,510.0,4.108550071716309,755000.0,6.612289905548097,5.13139009475708
346,6.6552059052059045,322.2766122766123,2.909255838523841,257732.2999222999,2.902939516301292,3.2353892118410257
347,8.0,560.0,4.5526299476623535,319000.0,3.3660399913787837,4.93099021911621
348,3.0,170.0,3.605259895324707,921000.0,7.8482398986816415,4.88124990463257
349,5.0,300.0,3.84210991859436,790000.0,6.872879981994629,4.92204999923706
350,3.0,270.0,5.973680019378662,666000.0,5.9496397972106925,6.8236799240112305
351,5.0,260.0,3.2736799716949463,7700.0,1.0482499599456787,3.2290298938751203
352,6.6552059052059045,322.2766122766123,2.909255838523841,257732.2999222999,2.902939516301292,3.2353892118410257
353,19.0,1050.0,3.505539894104004,277000.0,3.053329944610596,3.84717988967896
354,4.0,350.0,5.796050071716309,905000.0,7.7291197776794425,6.99779987335205
355,11.0,670.0,3.9066998958587646,622000.0,5.622029781341553,4.740789890289309
356,6.6552059052059045,322.2766122766123,2.909255838523841,257732.2999222999,2.902939516301292,3.2353892118410257
357,3.0,90.0,1.7105300426483154,23200.0,1.1636500358581543,1.72478997707367
358,6.6552059052059045,322.2766122766123,2.909255838523841,257732.2999222999,2.902939516301292,3.2353892118410257
359,6.0,390.0,4.197370052337647,1110000.0,9.255450248718262,5.73446989059448
360,4.0,120.0,1.7105300426483154,11400.0,1.0757999420166016,1.7076200246810902
361,6.6552059052059045,322.2766122766123,2.909255838523841,257732.2999222999,2.902939516301292,3.2353892118410257
362,6.6552059052059045,322.2766122766123,2.909255838523841,257732.2999222999,2.902939516301292,3.2353892118410257
363,16.0,640.0,2.4210500717163086,356000.0,3.6415200233459473,2.90282011032104
364,10.0,490.0,3.060529947280884,185000.0,2.368340015411377,3.27870988845825
365,3.0,60.0,1.0,64400.0,1.4704099893569946,1.09071004390717
366,5.333333333333333,166.66666666666666,1.7973700364430745,326166.6666666667,3.419396678606669,2.2502632935841866
367,8.0,210.0,1.4440799951553345,25900.0,1.1837600469589231,1.46845996379852
368,17.0,680.0,2.4210500717163086,934000.0,7.945040225982666,3.74349999427795
369,6.6552059052059045,322.2766122766123,2.909255838523841,257732.2999222999,2.902939516301292,3.2353892118410257
370,17.0,680.0,2.4210500717163086,934000.0,7.945040225982666,3.74349999427795
371,6.6552059052059045,322.2766122766123,2.909255838523841,257732.2999222999,2.902939516301292,3.2353892118410257
372,3.0,60.0,1.0,14800.0,1.1011099815368652,1.01856994628906
373,3.0,240.0,5.263160228729248,68900.0,1.5039099454879759,5.26122999191284
374,3.5,90.0,1.4144700169563293,4170.0,1.021964967250824,1.4079399704933198
375,6.6552059052059045,322.2766122766123,2.909255838523841,257732.2999222999,2.902939516301292,3.2353892118410257
376,5.0,400.0,5.263160228729248,312000.0,3.313920021057129,5.6148099899292
377,8.0,560.0,4.5526299476623535,319000.0,3.3660399913787837,4.93099021911621
378,7.0,420.0,3.84210991859436,239000.0,2.770400047302246,4.12063980102539
379,6.6552059052059045,322.2766122766123,2.909255838523841,257732.2999222999,2.902939516301292,3.2353892118410257
380,6.6552059052059045,322.2766122766123,2.909255838523841,257732.2999222999,2.902939516301292,3.2353892118410257
381,6.6552059052059045,322.2766122766123,2.909255838523841,257732.2999222999,2.902939516301292,3.2353892118410257
382,6.6552059052059045,322.2766122766123,2.909255838523841,257732.2999222999,2.902939516301292,3.2353892118410257
383,6.0,290.0,3.013159990310669,64100.0,1.4681700468063354,3.0566000938415496
384,6.6552059052059045,322.2766122766123,2.909255838523841,257732.2999222999,2.902939516301292,3.2353892118410257
385,6.6552059052059045,322.2766122766123,2.909255838523841,257732.2999222999,2.902939516301292,3.2353892118410257
386,7.0,310.0,2.725559949874878,42300.0,1.3058600425720217,2.7439899444580096
387,6.6552059052059045,322.2766122766123,2.909255838523841,257732.2999222999,2.902939516301292,3.2353892118410257
388,6.6552059052059045,322.2766122766123,2.909255838523841,257732.2999222999,2.902939516301292,3.2353892118410257
389,6.6552059052059045,322.2766122766123,2.909255838523841,257732.2999222999,2.902939516301292,3.2353892118410257
390,6.6552059052059045,322.2766122766123,2.909255838523841,257732.2999222999,2.902939516301292,3.2353892118410257
391,6.6552059052059045,322.2766122766123,2.909255838523841,257732.2999222999,2.902939516301292,3.2353892118410257
392,10.0,490.0,3.060529947280884,185000.0,2.368340015411377,3.27870988845825
393,6.6552059052059045,322.2766122766123,2.909255838523841,257732.2999222999,2.902939516301292,3.2353892118410257
394,7.0,390.0,3.5375900268554688,105000.0,1.772699952125549,3.6283199787139906
395,6.6552059052059045,322.2766122766123,2.909255838523841,257732.2999222999,2.902939516301292,3.2353892118410257
396,6.6552059052059045,322.2766122766123,2.909255838523841,257732.2999222999,2.902939516301292,3.2353892118410257
397,6.6552059052059045,322.2766122766123,2.909255838523841,257732.2999222999,2.902939516301292,3.2353892118410257
398,6.6552059052059045,322.2766122766123,2.909255838523841,257732.2999222999,2.902939516301292,3.2353892118410257
399,6.6552059052059045,322.2766122766123,2.909255838523841,257732.2999222999,2.902939516301292,3.2353892118410257
400,6.6552059052059045,322.2766122766123,2.909255838523841,257732.2999222999,2.902939516301292,3.2353892118410257
401,19.0,1050.0,3.505539894104004,277000.0,3.053329944610596,3.84717988967896
402,19.0,1050.0,3.505539894104004,277000.0,3.053329944610596,3.84717988967896
403,6.6552059052059045,322.2766122766123,2.909255838523841,257732.2999222999,2.902939516301292,3.2353892118410257
404,8.0,240.0,1.7105300426483154,928000.0,7.900360107421875,3.04078006744385
405,6.6552059052059045,322.2766122766123,2.909255838523841,257732.2999222999,2.902939516301292,3.2353892118410257
406,5.0,130.0,1.42631995677948,149000.0,2.100300073623657,1.63015997409821
407,4.0,180.0,2.776319980621338,5480.0,1.0317200422286987,2.7400100231170694
408,6.6552059052059045,322.2766122766123,2.909255838523841,257732.2999222999,2.902939516301292,3.2353892118410257
409,6.6552059052059045,322.2766122766123,2.909255838523841,257732.2999222999,2.902939516301292,3.2353892118410257
410,10.0,580.0,3.7000000476837163,4295.0,1.0228950381278992,3.640475034713745
411,8.0,560.0,4.5526299476623535,319000.0,3.3660399913787837,4.93099021911621
412,10.0,580.0,3.7000000476837163,4295.0,1.0228950381278992,3.640475034713745
413,6.0,150.0,1.3552600145339966,35100.0,1.2522499561309814,1.39509999752045
414,6.6552059052059045,322.2766122766123,2.909255838523841,257732.2999222999,2.902939516301292,3.2353892118410257
415,4.0,440.0,7.394740104675293,1060000.0,8.883170127868652,8.78472995758057
416,6.6552059052059045,322.2766122766123,2.909255838523841,257732.2999222999,2.902939516301292,3.2353892118410257
417,6.0,410.0,4.434209823608398,16600.0,1.1145100593566897,4.3755002021789595
418,10.0,950.0,6.328949928283691,437000.0,4.244609832763672,6.837609767913821
419,6.6552059052059045,322.2766122766123,2.909255838523841,257732.2999222999,2.902939516301292,3.2353892118410257
420,5.0,130.0,1.42631995677948,22800.0,1.160670042037964,1.44660997390747
421,6.6552059052059045,322.2766122766123,2.909255838523841,257732.2999222999,2.902939516301292,3.2353892118410257
422,6.6552059052059045,322.2766122766123,2.909255838523841,257732.2999222999,2.902939516301292,3.2353892118410257
423,6.6552059052059045,322.2766122766123,2.909255838523841,257732.2999222999,2.902939516301292,3.2353892118410257
424,6.6552059052059045,322.2766122766123,2.909255838523841,257732.2999222999,2.902939516301292,3.2353892118410257
425,6.0,130.0,1.1184200048446655,6430.0,1.0387899875640871,1.1220699548721298
426,3.0,90.0,1.7105300426483154,79500.0,1.5828399658203125,1.8066699504852302
427,3.0,80.0,1.4736800193786619,9400.0,1.0608999729156494,1.4733799695968601
428,4.0,330.0,5.440790176391602,153000.0,2.130079984664917,5.5570502281189
429,6.6552059052059045,322.2766122766123,2.909255838523841,257732.2999222999,2.902939516301292,3.2353892118410257
430,3.0,120.0,2.4210500717163086,487000.0,4.616889953613281,3.09335994720459
431,10.0,950.0,6.328949928283691,437000.0,4.244609832763672,6.837609767913821
432,5.0,270.0,3.41579008102417,1050000.0,8.808719635009766,4.88381004333496
433,6.6552059052059045,322.2766122766123,2.909255838523841,257732.2999222999,2.902939516301292,3.2353892118410257
434,8.0,210.0,1.4440799951553345,25900.0,1.1837600469589231,1.46845996379852
435,6.6552059052059045,322.2766122766123,2.909255838523841,257732.2999222999,2.902939516301292,3.2353892118410257
436,4.0,90.0,1.1776299476623535,96200.0,1.7071800231933594,1.31046998500824
437,6.0,220.0,2.184210062026977,9420.0,1.0610500574111938,2.16740989685059
438,6.6552059052059045,322.2766122766123,2.909255838523841,257732.2999222999,2.902939516301292,3.2353892118410257
439,6.6552059052059045,322.2766122766123,2.909255838523841,257732.2999222999,2.902939516301292,3.2353892118410257
440,6.6552059052059045,322.2766122766123,2.909255838523841,257732.2999222999,2.902939516301292,3.2353892118410257
441,6.6552059052059045,322.2766122766123,2.909255838523841,257732.2999222999,2.902939516301292,3.2353892118410257
442,6.6552059052059045,322.2766122766123,2.909255838523841,257732.2999222999,2.902939516301292,3.2353892118410257
443,6.6552059052059045,322.2766122766123,2.909255838523841,257732.2999222999,2.902939516301292,3.2353892118410257
444,6.6552059052059045,322.2766122766123,2.909255838523841,257732.2999222999,2.902939516301292,3.2353892118410257
445,6.6552059052059045,322.2766122766123,2.909255838523841,257732.2999222999,2.902939516301292,3.2353892118410257
446,6.6552059052059045,322.2766122766123,2.909255838523841,257732.2999222999,2.902939516301292,3.2353892118410257
447,7.0,600.0,5.669169902801514,34400.0,1.247040033340454,5.607619762420651
448,9.0,380.0,2.5789499282836914,97300.0,1.7153700590133667,2.6807799339294403
449,6.6552059052059045,322.2766122766123,2.909255838523841,257732.2999222999,2.902939516301292,3.2353892118410257
450,6.6552059052059045,322.2766122766123,2.909255838523841,257732.2999222999,2.902939516301292,3.2353892118410257
451,19.0,1050.0,3.505539894104004,277000.0,3.053329944610596,3.84717988967896
452,6.6552059052059045,322.2766122766123,2.909255838523841,257732.2999222999,2.902939516301292,3.2353892118410257
453,5.0,190.0,2.2789499759674072,53700.0,1.3907400369644165,2.3243401050567596
454,3.0,60.0,1.0,29700.0,1.212049961090088,1.0402400493621802
455,3.0,220.0,4.789470195770264,5100.0,1.0288900136947632,4.70577001571655
456,6.6552059052059045,322.2766122766123,2.909255838523841,257732.2999222999,2.902939516301292,3.2353892118410257
457,6.6552059052059045,322.2766122766123,2.909255838523841,257732.2999222999,2.902939516301292,3.2353892118410257
458,3.0,90.0,1.7105300426483154,278000.0,3.0607700347900386,2.09538006782532
459,6.6552059052059045,322.2766122766123,2.909255838523841,257732.2999222999,2.902939516301292,3.2353892118410257
460,6.6552059052059045,322.2766122766123,2.909255838523841,257732.2999222999,2.902939516301292,3.2353892118410257
461,6.6552059052059045,322.2766122766123,2.909255838523841,257732.2999222999,2.902939516301292,3.2353892118410257
462,5.0,400.0,5.263160228729248,312000.0,3.313920021057129,5.6148099899292
463,6.6552059052059045,322.2766122766123,2.909255838523841,257732.2999222999,2.902939516301292,3.2353892118410257
464,6.6552059052059045,322.2766122766123,2.909255838523841,257732.2999222999,2.902939516301292,3.2353892118410257
465,6.0,390.0,4.197370052337647,1110000.0,9.255450248718262,5.73446989059448
466,6.0,390.0,4.197370052337647,1110000.0,9.255450248718262,5.73446989059448
467,6.6552059052059045,322.2766122766123,2.909255838523841,257732.2999222999,2.902939516301292,3.2353892118410257
468,6.6552059052059045,322.2766122766123,2.909255838523841,257732.2999222999,2.902939516301292,3.2353892118410257
469,3.0,440.0,10.0,146000.0,2.0779600143432617,10.0
470,6.6552059052059045,322.2766122766123,2.909255838523841,257732.2999222999,2.902939516301292,3.2353892118410257
471,5.0,430.0,5.689469814300537,1050000.0,8.808719635009766,7.10459995269775
472,6.6552059052059045,322.2766122766123,2.909255838523841,257732.2999222999,2.902939516301292,3.2353892118410257
473,6.6552059052059045,322.2766122766123,2.909255838523841,257732.2999222999,2.902939516301292,3.2353892118410257
474,5.0,310.0,3.9842100143432617,112000.0,1.824820041656494,4.074729919433589
475,6.6552059052059045,322.2766122766123,2.909255838523841,257732.2999222999,2.902939516301292,3.2353892118410257
476,6.6552059052059045,322.2766122766123,2.909255838523841,257732.2999222999,2.902939516301292,3.2353892118410257
477,8.0,510.0,4.108550071716309,755000.0,6.612289905548097,5.13139009475708
478,6.6552059052059045,322.2766122766123,2.909255838523841,257732.2999222999,2.902939516301292,3.2353892118410257
479,3.0,80.0,1.4736800193786619,4190.0,1.0221099853515625,1.46580004692078
480,6.6552059052059045,322.2766122766123,2.909255838523841,257732.2999222999,2.902939516301292,3.2353892118410257
481,6.6552059052059045,322.2766122766123,2.909255838523841,257732.2999222999,2.902939516301292,3.2353892118410257
482,6.6552059052059045,322.2766122766123,2.909255838523841,257732.2999222999,2.902939516301292,3.2353892118410257
483,6.6552059052059045,322.2766122766123,2.909255838523841,257732.2999222999,2.902939516301292,3.2353892118410257
484,6.6552059052059045,322.2766122766123,2.909255838523841,257732.2999222999,2.902939516301292,3.2353892118410257
485,6.6552059052059045,322.2766122766123,2.909255838523841,257732.2999222999,2.902939516301292,3.2353892118410257
486,6.6552059052059045,322.2766122766123,2.909255838523841,257732.2999222999,2.902939516301292,3.2353892118410257
487,6.6552059052059045,322.2766122766123,2.909255838523841,257732.2999222999,2.902939516301292,3.2353892118410257
488,8.0,210.0,1.4440799951553345,25900.0,1.1837600469589231,1.46845996379852
489,4.0,170.0,2.598680019378662,59100.0,1.4309500455856323,2.64449000358582
490,3.0,60.0,1.0,29700.0,1.212049961090088,1.0402400493621802
491,3.0,130.0,2.65789008140564,14700.0,1.1003700494766235,2.63774991035461
492,3.0,160.0,3.3684198856353764,500000.0,4.713679790496826,4.03759002685547
493,19.0,1050.0,3.505539894104004,277000.0,3.053329944610596,3.84717988967896
494,6.6552059052059045,322.2766122766123,2.909255838523841,257732.2999222999,2.902939516301292,3.2353892118410257
495,6.6552059052059045,322.2766122766123,2.909255838523841,257732.2999222999,2.902939516301292,3.2353892118410257
496,6.6552059052059045,322.2766122766123,2.909255838523841,257732.2999222999,2.902939516301292,3.2353892118410257
497,3.0,140.0,2.894740104675293,1210000.0,10.0,4.60759019851685
498,6.6552059052059045,322.2766122766123,2.909255838523841,257732.2999222999,2.902939516301292,3.2353892118410257
499,6.6552059052059045,322.2766122766123,2.909255838523841,257732.2999222999,2.902939516301292,3.2353892118410257
500,17.0,680.0,2.4210500717163086,934000.0,7.945040225982666,3.74349999427795
501,6.6552059052059045,322.2766122766123,2.909255838523841,257732.2999222999,2.902939516301292,3.2353892118410257
502,10.0,490.0,3.060529947280884,185000.0,2.368340015411377,3.27870988845825
503,7.0,310.0,2.725559949874878,42300.0,1.3058600425720217,2.7439899444580096
504,6.6552059052059045,322.2766122766123,2.909255838523841,257732.2999222999,2.902939516301292,3.2353892118410257
505,19.0,1050.0,3.505539894104004,277000.0,3.053329944610596,3.84717988967896
506,6.6552059052059045,322.2766122766123,2.909255838523841,257732.2999222999,2.902939516301292,3.2353892118410257
507,6.6552059052059045,322.2766122766123,2.909255838523841,257732.2999222999,2.902939516301292,3.2353892118410257
508,8.0,240.0,1.7105300426483154,928000.0,7.900360107421875,3.04078006744385
509,4.0,90.0,1.1776299476623535,41500.0,1.2999099493026731,1.2309099435806299
510,6.6552059052059045,322.2766122766123,2.909255838523841,257732.2999222999,2.902939516301292,3.2353892118410257
511,3.0,220.0,4.789470195770264,20700.0,1.1450400352478027,4.72845983505249
512,17.0,680.0,2.4210500717163086,934000.0,7.945040225982666,3.74349999427795
513,5.0,270.0,3.41579008102417,1050000.0,8.808719635009766,4.88381004333496
514,6.6552059052059045,322.2766122766123,2.909255838523841,257732.2999222999,2.902939516301292,3.2353892118410257
515,6.0,130.0,1.1184200048446655,6430.0,1.0387899875640871,1.1220699548721298
516,4.0,290.0,4.730259895324707,742000.0,6.5154900550842285,5.71972990036011
517,6.6552059052059045,322.2766122766123,2.909255838523841,257732.2999222999,2.902939516301292,3.2353892118410257
518,5.0,140.0,1.5684200525283811,542000.0,5.026390075683594,2.34055995941162
519,3.0,90.0,1.7105300426483154,3160.0,1.0144399404525757,1.6956399679183998
520,6.6552059052059045,322.2766122766123,2.909255838523841,257732.2999222999,2.902939516301292,3.2353892118410257
521,7.0,370.0,3.334589958190918,227000.0,2.681050062179565,3.6074800491332994
522,6.6552059052059045,322.2766122766123,2.909255838523841,257732.2999222999,2.902939516301292,3.2353892118410257
523,5.0,230.0,2.8473699092864986,42300.0,1.3058600425720217,2.86296010017395
524,16.0,640.0,2.4210500717163086,356000.0,3.6415200233459473,2.90282011032104
525,3.0,70.0,1.236840009689331,3150.0,1.0143699645996094,1.23295998573303
526,6.6552059052059045,322.2766122766123,2.909255838523841,257732.2999222999,2.902939516301292,3.2353892118410257
527,6.6552059052059045,322.2766122766123,2.909255838523841,257732.2999222999,2.902939516301292,3.2353892118410257
528,6.6552059052059045,322.2766122766123,2.909255838523841,257732.2999222999,2.902939516301292,3.2353892118410257
529,5.0,140.0,1.5684200525283811,24800.0,1.175570011138916,1.5883100032806399
530,6.6552059052059045,322.2766122766123,2.909255838523841,257732.2999222999,2.902939516301292,3.2353892118410257
531,8.0,240.0,1.7105300426483154,928000.0,7.900360107421875,3.04078006744385
532,6.6552059052059045,322.2766122766123,2.909255838523841,257732.2999222999,2.902939516301292,3.2353892118410257
533,3.0,270.0,5.973680019378662,666000.0,5.9496397972106925,6.8236799240112305
534,6.6552059052059045,322.2766122766123,2.909255838523841,257732.2999222999,2.902939516301292,3.2353892118410257
535,6.6552059052059045,322.2766122766123,2.909255838523841,257732.2999222999,2.902939516301292,3.2353892118410257
536,6.6552059052059045,322.2766122766123,2.909255838523841,257732.2999222999,2.902939516301292,3.2353892118410257
537,3.0,170.0,3.605259895324707,921000.0,7.8482398986816415,4.88124990463257
538,11.0,670.0,3.9066998958587646,622000.0,5.622029781341553,4.740789890289309
539,6.6552059052059045,322.2766122766123,2.909255838523841,257732.2999222999,2.902939516301292,3.2353892118410257
540,6.6552059052059045,322.2766122766123,2.909255838523841,257732.2999222999,2.902939516301292,3.2353892118410257
541,3.0,60.0,1.0,6710.0,1.0408799648284912,1.00680994987488
542,4.0,80.0,1.0,2420.0,1.008929967880249,1.00057005882263
543,4.0,80.0,1.0,1060000.0,8.883170127868652,2.53876996040344
544,3.0,120.0,2.4210500717163086,223950.0,2.6583449244499207,2.71076500415802
545,3.0,60.0,1.0,2030.0,1.0060299634933472,1.0
546,6.6552059052059045,322.2766122766123,2.909255838523841,257732.2999222999,2.902939516301292,3.2353892118410257
547,6.6552059052059045,322.2766122766123,2.909255838523841,257732.2999222999,2.902939516301292,3.2353892118410257
548,6.6552059052059045,322.2766122766123,2.909255838523841,257732.2999222999,2.902939516301292,3.2353892118410257
549,10.0,580.0,3.7000000476837163,4295.0,1.0228950381278992,3.640475034713745
550,6.6552059052059045,322.2766122766123,2.909255838523841,257732.2999222999,2.902939516301292,3.2353892118410257
551,6.6552059052059045,322.2766122766123,2.909255838523841,257732.2999222999,2.902939516301292,3.2353892118410257
552,3.0,120.0,2.4210500717163086,0.0,0.0,2.1914598941803
553,3.0,90.0,1.7105300426483154,79500.0,1.5828399658203125,1.8066699504852302
554,5.0,260.0,3.2736799716949463,7700.0,1.0482499599456787,3.2290298938751203
555,6.6552059052059045,322.2766122766123,2.909255838523841,257732.2999222999,2.902939516301292,3.2353892118410257
556,6.6552059052059045,322.2766122766123,2.909255838523841,257732.2999222999,2.902939516301292,3.2353892118410257
557,6.6552059052059045,322.2766122766123,2.909255838523841,257732.2999222999,2.902939516301292,3.2353892118410257
558,7.0,600.0,5.669169902801514,34400.0,1.247040033340454,5.607619762420651
559,6.6552059052059045,322.2766122766123,2.909255838523841,257732.2999222999,2.902939516301292,3.2353892118410257
560,5.0,300.0,3.84210991859436,790000.0,6.872879981994629,4.92204999923706
561,6.6552059052059045,322.2766122766123,2.909255838523841,257732.2999222999,2.902939516301292,3.2353892118410257
562,6.6552059052059045,322.2766122766123,2.909255838523841,257732.2999222999,2.902939516301292,3.2353892118410257
563,3.0,70.0,1.236840009689331,13900.0,1.0944099426269531,1.2486000061035198
564,6.6552059052059045,322.2766122766123,2.909255838523841,257732.2999222999,2.902939516301292,3.2353892118410257
565,17.0,680.0,2.4210500717163086,934000.0,7.945040225982666,3.74349999427795
566,19.0,1050.0,3.505539894104004,277000.0,3.053329944610596,3.84717988967896
567,3.0,120.0,2.4210500717163086,1220.0,1.0,2.3868100643158
568,6.6552059052059045,322.2766122766123,2.909255838523841,257732.2999222999,2.902939516301292,3.2353892118410257
569,4.0,90.0,1.1776299476623535,41500.0,1.2999099493026731,1.2309099435806299
570,6.6552059052059045,322.2766122766123,2.909255838523841,257732.2999222999,2.902939516301292,3.2353892118410257
571,6.6552059052059045,322.2766122766123,2.909255838523841,257732.2999222999,2.902939516301292,3.2353892118410257
572,6.6552059052059045,322.2766122766123,2.909255838523841,257732.2999222999,2.902939516301292,3.2353892118410257
573,5.0,400.0,5.263160228729248,312000.0,3.313920021057129,5.6148099899292
574,6.6552059052059045,322.2766122766123,2.909255838523841,257732.2999222999,2.902939516301292,3.2353892118410257
575,6.6552059052059045,322.2766122766123,2.909255838523841,257732.2999222999,2.902939516301292,3.2353892118410257
576,6.6552059052059045,322.2766122766123,2.909255838523841,257732.2999222999,2.902939516301292,3.2353892118410257
577,6.6552059052059045,322.2766122766123,2.909255838523841,257732.2999222999,2.902939516301292,3.2353892118410257
578,6.0,130.0,1.1184200048446655,4020.0,1.0208499431610107,1.1185599565506001
579,6.6552059052059045,322.2766122766123,2.909255838523841,257732.2999222999,2.902939516301292,3.2353892118410257
580,6.6552059052059045,322.2766122766123,2.909255838523841,257732.2999222999,2.902939516301292,3.2353892118410257
581,4.0,250.0,4.019740104675293,107000.0,1.7875900268554688,4.102149963378911
582,6.6552059052059045,322.2766122766123,2.909255838523841,257732.2999222999,2.902939516301292,3.2353892118410257
583,5.0,190.0,2.2789499759674072,53700.0,1.3907400369644165,2.3243401050567596
584,6.6552059052059045,322.2766122766123,2.909255838523841,257732.2999222999,2.902939516301292,3.2353892118410257
585,5.0,140.0,1.5684200525283811,542000.0,5.026390075683594,2.34055995941162
586,6.6552059052059045,322.2766122766123,2.909255838523841,257732.2999222999,2.902939516301292,3.2353892118410257
587,10.0,950.0,6.328949928283691,437000.0,4.244609832763672,6.837609767913821
588,6.0,290.0,3.013159990310669,64100.0,1.4681700468063354,3.0566000938415496
589,3.0,160.0,3.3684198856353764,98600.0,1.7250499725341797,3.45376992225647
590,4.0,440.0,7.394740104675293,1060000.0,8.883170127868652,8.78472995758057
591,4.0,350.0,5.796050071716309,905000.0,7.7291197776794425,6.99779987335205
592,3.0,60.0,1.0,45900.0,1.332669973373413,1.06380999088287
593,3.0,220.0,4.789470195770264,5100.0,1.0288900136947632,4.70577001571655
594,6.6552059052059045,322.2766122766123,2.909255838523841,257732.2999222999,2.902939516301292,3.2353892118410257
595,6.6552059052059045,322.2766122766123,2.909255838523841,257732.2999222999,2.902939516301292,3.2353892118410257
596,3.0,60.0,1.0,6710.0,1.0408799648284912,1.00680994987488
597,6.0,270.0,2.776319980621338,11100.0,1.0735599994659424,2.74817991256714
598,6.6552059052059045,322.2766122766123,2.909255838523841,257732.2999222999,2.902939516301292,3.2353892118410257
599,6.6552059052059045,322.2766122766123,2.909255838523841,257732.2999222999,2.902939516301292,3.2353892118410257
600,3.0,110.0,2.184210062026977,67500.0,1.4934899806976318,2.2518799304962203
601,6.6552059052059045,322.2766122766123,2.909255838523841,257732.2999222999,2.902939516301292,3.2353892118410257
602,6.6552059052059045,322.2766122766123,2.909255838523841,257732.2999222999,2.902939516301292,3.2353892118410257
603,6.6552059052059045,322.2766122766123,2.909255838523841,257732.2999222999,2.902939516301292,3.2353892118410257
604,6.6552059052059045,322.2766122766123,2.909255838523841,257732.2999222999,2.902939516301292,3.2353892118410257
605,6.6552059052059045,322.2766122766123,2.909255838523841,257732.2999222999,2.902939516301292,3.2353892118410257
606,4.0,180.0,2.776319980621338,37000.0,1.2663999795913696,2.7858500480651895
607,6.6552059052059045,322.2766122766123,2.909255838523841,257732.2999222999,2.902939516301292,3.2353892118410257
608,6.6552059052059045,322.2766122766123,2.909255838523841,257732.2999222999,2.902939516301292,3.2353892118410257
609,6.6552059052059045,322.2766122766123,2.909255838523841,257732.2999222999,2.902939516301292,3.2353892118410257
610,6.6552059052059045,322.2766122766123,2.909255838523841,257732.2999222999,2.902939516301292,3.2353892118410257
611,6.6552059052059045,322.2766122766123,2.909255838523841,257732.2999222999,2.902939516301292,3.2353892118410257
612,6.6552059052059045,322.2766122766123,2.909255838523841,257732.2999222999,2.902939516301292,3.2353892118410257
613,19.0,1050.0,3.505539894104004,277000.0,3.053329944610596,3.84717988967896
614,5.0,210.0,2.563159942626953,769000.0,6.716519832611084,3.6423099040985094
615,6.6552059052059045,322.2766122766123,2.909255838523841,257732.2999222999,2.902939516301292,3.2353892118410257
616,3.0,60.0,1.0,786000.0,6.843100070953369,2.14024996757507
617,6.6552059052059045,322.2766122766123,2.909255838523841,257732.2999222999,2.902939516301292,3.2353892118410257
618,6.6552059052059045,322.2766122766123,2.909255838523841,257732.2999222999,2.902939516301292,3.2353892118410257
619,6.6552059052059045,322.2766122766123,2.909255838523841,257732.2999222999,2.902939516301292,3.2353892118410257
620,3.0,120.0,2.4210500717163086,487000.0,4.616889953613281,3.09335994720459
621,5.0,250.0,3.1315801143646236,460000.0,4.415860176086426,3.7480800151825
622,6.6552059052059045,322.2766122766123,2.909255838523841,257732.2999222999,2.902939516301292,3.2353892118410257
623,6.6552059052059045,322.2766122766123,2.909255838523841,257732.2999222999,2.902939516301292,3.2353892118410257
624,6.6552059052059045,322.2766122766123,2.909255838523841,257732.2999222999,2.902939516301292,3.2353892118410257
625,6.6552059052059045,322.2766122766123,2.909255838523841,257732.2999222999,2.902939516301292,3.2353892118410257
626,6.6552059052059045,322.2766122766123,2.909255838523841,257732.2999222999,2.902939516301292,3.2353892118410257
627,6.6552059052059045,322.2766122766123,2.909255838523841,257732.2999222999,2.902939516301292,3.2353892118410257
628,6.6552059052059045,322.2766122766123,2.909255838523841,257732.2999222999,2.902939516301292,3.2353892118410257
629,6.6552059052059045,322.2766122766123,2.909255838523841,257732.2999222999,2.902939516301292,3.2353892118410257
630,6.6552059052059045,322.2766122766123,2.909255838523841,257732.2999222999,2.902939516301292,3.2353892118410257
631,6.6552059052059045,322.2766122766123,2.909255838523841,257732.2999222999,2.902939516301292,3.2353892118410257
632,6.6552059052059045,322.2766122766123,2.909255838523841,257732.2999222999,2.902939516301292,3.2353892118410257
633,3.0,220.0,4.789470195770264,20700.0,1.1450400352478027,4.72845983505249
634,6.6552059052059045,322.2766122766123,2.909255838523841,257732.2999222999,2.902939516301292,3.2353892118410257
635,6.6552059052059045,322.2766122766123,2.909255838523841,257732.2999222999,2.902939516301292,3.2353892118410257
636,19.0,1050.0,3.505539894104004,277000.0,3.053329944610596,3.84717988967896
637,19.0,1050.0,3.505539894104004,277000.0,3.053329944610596,3.84717988967896
638,19.0,1050.0,3.505539894104004,277000.0,3.053329944610596,3.84717988967896
639,7.0,600.0,5.669169902801514,34400.0,1.247040033340454,5.607619762420651
640,3.0,120.0,2.4210500717163086,244000.0,2.807620048522949,2.7399299144744904
641,7.0,600.0,5.669169902801514,34400.0,1.247040033340454,5.607619762420651
642,10.0,490.0,3.060529947280884,185000.0,2.368340015411377,3.27870988845825
643,10.0,950.0,6.328949928283691,437000.0,4.244609832763672,6.837609767913821
644,6.6552059052059045,322.2766122766123,2.909255838523841,257732.2999222999,2.902939516301292,3.2353892118410257
645,3.0,140.0,2.894740104675293,1210000.0,10.0,4.60759019851685
646,6.6552059052059045,322.2766122766123,2.909255838523841,257732.2999222999,2.902939516301292,3.2353892118410257
647,6.6552059052059045,322.2766122766123,2.909255838523841,257732.2999222999,2.902939516301292,3.2353892118410257
648,6.6552059052059045,322.2766122766123,2.909255838523841,257732.2999222999,2.902939516301292,3.2353892118410257
649,6.6552059052059045,322.2766122766123,2.909255838523841,257732.2999222999,2.902939516301292,3.2353892118410257
650,6.6552059052059045,322.2766122766123,2.909255838523841,257732.2999222999,2.902939516301292,3.2353892118410257
651,5.0,130.0,1.42631995677948,149000.0,2.100300073623657,1.63015997409821
652,6.6552059052059045,322.2766122766123,2.909255838523841,257732.2999222999,2.902939516301292,3.2353892118410257
653,6.6552059052059045,322.2766122766123,2.909255838523841,257732.2999222999,2.902939516301292,3.2353892118410257
654,6.6552059052059045,322.2766122766123,2.909255838523841,257732.2999222999,2.902939516301292,3.2353892118410257
655,6.0,220.0,2.184210062026977,9420.0,1.0610500574111938,2.16740989685059
656,6.6552059052059045,322.2766122766123,2.909255838523841,257732.2999222999,2.902939516301292,3.2353892118410257
657,10.0,580.0,3.7000000476837163,4295.0,1.0228950381278992,3.640475034713745
658,6.6552059052059045,322.2766122766123,2.909255838523841,257732.2999222999,2.902939516301292,3.2353892118410257
659,6.6552059052059045,322.2766122766123,2.909255838523841,257732.2999222999,2.902939516301292,3.2353892118410257
660,6.0,130.0,1.1184200048446655,6430.0,1.0387899875640871,1.1220699548721298
661,6.6552059052059045,322.2766122766123,2.909255838523841,257732.2999222999,2.902939516301292,3.2353892118410257
662,3.0,60.0,1.0,14800.0,1.1011099815368652,1.01856994628906
663,6.6552059052059045,322.2766122766123,2.909255838523841,257732.2999222999,2.902939516301292,3.2353892118410257
664,6.6552059052059045,322.2766122766123,2.909255838523841,257732.2999222999,2.902939516301292,3.2353892118410257
665,6.6552059052059045,322.2766122766123,2.909255838523841,257732.2999222999,2.902939516301292,3.2353892118410257
666,6.6552059052059045,322.2766122766123,2.909255838523841,257732.2999222999,2.902939516301292,3.2353892118410257
667,4.0,170.0,2.598680019378662,59100.0,1.4309500455856323,2.64449000358582
668,6.6552059052059045,322.2766122766123,2.909255838523841,257732.2999222999,2.902939516301292,3.2353892118410257
669,6.6552059052059045,322.2766122766123,2.909255838523841,257732.2999222999,2.902939516301292,3.2353892118410257
670,6.6552059052059045,322.2766122766123,2.909255838523841,257732.2999222999,2.902939516301292,3.2353892118410257
671,5.0,140.0,1.5684200525283811,36900.0,1.265660047531128,1.6059099435806299
672,11.0,670.0,3.9066998958587646,622000.0,5.622029781341553,4.740789890289309
673,4.0,180.0,2.776319980621338,5480.0,1.0317200422286987,2.7400100231170694
674,6.6552059052059045,322.2766122766123,2.909255838523841,257732.2999222999,2.902939516301292,3.2353892118410257
675,6.6552059052059045,322.2766122766123,2.909255838523841,257732.2999222999,2.902939516301292,3.2353892118410257
676,6.6552059052059045,322.2766122766123,2.909255838523841,257732.2999222999,2.902939516301292,3.2353892118410257
677,7.0,370.0,3.334589958190918,227000.0,2.681050062179565,3.6074800491332994
678,6.6552059052059045,322.2766122766123,2.909255838523841,257732.2999222999,2.902939516301292,3.2353892118410257
679,6.6552059052059045,322.2766122766123,2.909255838523841,257732.2999222999,2.902939516301292,3.2353892118410257
680,6.6552059052059045,322.2766122766123,2.909255838523841,257732.2999222999,2.902939516301292,3.2353892118410257
681,6.6552059052059045,322.2766122766123,2.909255838523841,257732.2999222999,2.902939516301292,3.2353892118410257
682,6.6552059052059045,322.2766122766123,2.909255838523841,257732.2999222999,2.902939516301292,3.2353892118410257
683,3.0,90.0,1.7105300426483154,3160.0,1.0144399404525757,1.6956399679183998
684,6.6552059052059045,322.2766122766123,2.909255838523841,257732.2999222999,2.902939516301292,3.2353892118410257
685,6.6552059052059045,322.2766122766123,2.909255838523841,257732.2999222999,2.902939516301292,3.2353892118410257
686,6.6552059052059045,322.2766122766123,2.909255838523841,257732.2999222999,2.902939516301292,3.2353892118410257
687,6.6552059052059045,322.2766122766123,2.909255838523841,257732.2999222999,2.902939516301292,3.2353892118410257
688,6.6552059052059045,322.2766122766123,2.909255838523841,257732.2999222999,2.902939516301292,3.2353892118410257
689,6.6552059052059045,322.2766122766123,2.909255838523841,257732.2999222999,2.902939516301292,3.2353892118410257
690,6.6552059052059045,322.2766122766123,2.909255838523841,257732.2999222999,2.902939516301292,3.2353892118410257
691,6.6552059052059045,322.2766122766123,2.909255838523841,257732.2999222999,2.902939516301292,3.2353892118410257
692,6.6552059052059045,322.2766122766123,2.909255838523841,257732.2999222999,2.902939516301292,3.2353892118410257
693,6.6552059052059045,322.2766122766123,2.909255838523841,257732.2999222999,2.902939516301292,3.2353892118410257
694,6.6552059052059045,322.2766122766123,2.909255838523841,257732.2999222999,2.902939516301292,3.2353892118410257
695,6.6552059052059045,322.2766122766123,2.909255838523841,257732.2999222999,2.902939516301292,3.2353892118410257
696,6.6552059052059045,322.2766122766123,2.909255838523841,257732.2999222999,2.902939516301292,3.2353892118410257
697,8.0,560.0,4.5526299476623535,319000.0,3.3660399913787837,4.93099021911621
698,6.6552059052059045,322.2766122766123,2.909255838523841,257732.2999222999,2.902939516301292,3.2353892118410257
699,6.6552059052059045,322.2766122766123,2.909255838523841,257732.2999222999,2.902939516301292,3.2353892118410257
700,6.6552059052059045,322.2766122766123,2.909255838523841,257732.2999222999,2.902939516301292,3.2353892118410257
701,6.6552059052059045,322.2766122766123,2.909255838523841,257732.2999222999,2.902939516301292,3.2353892118410257
702,6.6552059052059045,322.2766122766123,2.909255838523841,257732.2999222999,2.902939516301292,3.2353892118410257
703,6.6552059052059045,322.2766122766123,2.909255838523841,257732.2999222999,2.902939516301292,3.2353892118410257
704,6.6552059052059045,322.2766122766123,2.909255838523841,257732.2999222999,2.902939516301292,3.2353892118410257
705,4.0,180.0,2.776319980621338,5480.0,1.0317200422286987,2.7400100231170694
706,6.6552059052059045,322.2766122766123,2.909255838523841,257732.2999222999,2.902939516301292,3.2353892118410257
707,6.6552059052059045,322.2766122766123,2.909255838523841,257732.2999222999,2.902939516301292,3.2353892118410257
708,3.0,60.0,1.0,39500.0,1.2850099802017212,1.05449998378754
709,10.0,950.0,6.328949928283691,437000.0,4.244609832763672,6.837609767913821
710,6.6552059052059045,322.2766122766123,2.909255838523841,257732.2999222999,2.902939516301292,3.2353892118410257
711,10.0,490.0,3.060529947280884,185000.0,2.368340015411377,3.27870988845825
712,7.0,390.0,3.5375900268554688,105000.0,1.772699952125549,3.6283199787139906
713,6.6552059052059045,322.2766122766123,2.909255838523841,257732.2999222999,2.902939516301292,3.2353892118410257
714,6.6552059052059045,322.2766122766123,2.909255838523841,257732.2999222999,2.902939516301292,3.2353892118410257
715,6.6552059052059045,322.2766122766123,2.909255838523841,257732.2999222999,2.902939516301292,3.2353892118410257
716,4.0,350.0,5.796050071716309,905000.0,7.7291197776794425,6.99779987335205
717,6.6552059052059045,322.2766122766123,2.909255838523841,257732.2999222999,2.902939516301292,3.2353892118410257
718,6.6552059052059045,322.2766122766123,2.909255838523841,257732.2999222999,2.902939516301292,3.2353892118410257
719,6.6552059052059045,322.2766122766123,2.909255838523841,257732.2999222999,2.902939516301292,3.2353892118410257
720,6.6552059052059045,322.2766122766123,2.909255838523841,257732.2999222999,2.902939516301292,3.2353892118410257
721,6.6552059052059045,322.2766122766123,2.909255838523841,257732.2999222999,2.902939516301292,3.2353892118410257
722,6.6552059052059045,322.2766122766123,2.909255838523841,257732.2999222999,2.902939516301292,3.2353892118410257
723,3.0,270.0,5.973680019378662,666000.0,5.9496397972106925,6.8236799240112305
724,6.6552059052059045,322.2766122766123,2.909255838523841,257732.2999222999,2.902939516301292,3.2353892118410257
725,6.6552059052059045,322.2766122766123,2.909255838523841,257732.2999222999,2.902939516301292,3.2353892118410257
726,6.6552059052059045,322.2766122766123,2.909255838523841,257732.2999222999,2.902939516301292,3.2353892118410257
727,6.6552059052059045,322.2766122766123,2.909255838523841,257732.2999222999,2.902939516301292,3.2353892118410257
728,6.6552059052059045,322.2766122766123,2.909255838523841,257732.2999222999,2.902939516301292,3.2353892118410257
729,4.0,180.0,2.776319980621338,5480.0,1.0317200422286987,2.7400100231170694
730,6.6552059052059045,322.2766122766123,2.909255838523841,257732.2999222999,2.902939516301292,3.2353892118410257
731,8.0,210.0,1.4440799951553345,25900.0,1.1837600469589231,1.46845996379852
732,6.6552059052059045,322.2766122766123,2.909255838523841,257732.2999222999,2.902939516301292,3.2353892118410257
733,6.6552059052059045,322.2766122766123,2.909255838523841,257732.2999222999,2.902939516301292,3.2353892118410257
734,6.6552059052059045,322.2766122766123,2.909255838523841,257732.2999222999,2.902939516301292,3.2353892118410257
735,6.6552059052059045,322.2766122766123,2.909255838523841,257732.2999222999,2.902939516301292,3.2353892118410257
736,6.6552059052059045,322.2766122766123,2.909255838523841,257732.2999222999,2.902939516301292,3.2353892118410257
737,6.6552059052059045,322.2766122766123,2.909255838523841,257732.2999222999,2.902939516301292,3.2353892118410257
738,6.6552059052059045,322.2766122766123,2.909255838523841,257732.2999222999,2.902939516301292,3.2353892118410257
739,6.6552059052059045,322.2766122766123,2.909255838523841,257732.2999222999,2.902939516301292,3.2353892118410257
740,5.0,230.0,2.8473699092864986,42300.0,1.3058600425720217,2.86296010017395
741,5.0,140.0,1.5684200525283811,36900.0,1.265660047531128,1.6059099435806299
742,4.0,330.0,5.440790176391602,153000.0,2.130079984664917,5.5570502281189
743,8.0,510.0,4.108550071716309,755000.0,6.612289905548097,5.13139009475708
744,5.0,130.0,1.42631995677948,149000.0,2.100300073623657,1.63015997409821
745,6.6552059052059045,322.2766122766123,2.909255838523841,257732.2999222999,2.902939516301292,3.2353892118410257
746,10.0,950.0,6.328949928283691,437000.0,4.244609832763672,6.837609767913821
747,6.6552059052059045,322.2766122766123,2.909255838523841,257732.2999222999,2.902939516301292,3.2353892118410257
748,6.6552059052059045,322.2766122766123,2.909255838523841,257732.2999222999,2.902939516301292,3.2353892118410257
749,6.6552059052059045,322.2766122766123,2.909255838523841,257732.2999222999,2.902939516301292,3.2353892118410257
750,6.6552059052059045,322.2766122766123,2.909255838523841,257732.2999222999,2.902939516301292,3.2353892118410257
751,6.6552059052059045,322.2766122766123,2.909255838523841,257732.2999222999,2.902939516301292,3.2353892118410257
752,6.6552059052059045,322.2766122766123,2.909255838523841,257732.2999222999,2.902939516301292,3.2353892118410257
753,6.6552059052059045,322.2766122766123,2.909255838523841,257732.2999222999,2.902939516301292,3.2353892118410257
754,6.6552059052059045,322.2766122766123,2.909255838523841,257732.2999222999,2.902939516301292,3.2353892118410257
755,6.0,130.0,1.1184200048446655,4020.0,1.0208499431610107,1.1185599565506001
756,6.6552059052059045,322.2766122766123,2.909255838523841,257732.2999222999,2.902939516301292,3.2353892118410257
757,6.6552059052059045,322.2766122766123,2.909255838523841,257732.2999222999,2.902939516301292,3.2353892118410257
758,6.6552059052059045,322.2766122766123,2.909255838523841,257732.2999222999,2.902939516301292,3.2353892118410257
759,6.6552059052059045,322.2766122766123,2.909255838523841,257732.2999222999,2.902939516301292,3.2353892118410257
760,6.6552059052059045,322.2766122766123,2.909255838523841,257732.2999222999,2.902939516301292,3.2353892118410257
761,6.6552059052059045,322.2766122766123,2.909255838523841,257732.2999222999,2.902939516301292,3.2353892118410257
762,6.6552059052059045,322.2766122766123,2.909255838523841,257732.2999222999,2.902939516301292,3.2353892118410257
763,3.0,70.0,1.236840009689331,3100.0,1.0140000581741333,1.2328900098800701
764,17.0,680.0,2.4210500717163086,934000.0,7.945040225982666,3.74349999427795
765,6.6552059052059045,322.2766122766123,2.909255838523841,257732.2999222999,2.902939516301292,3.2353892118410257
766,6.6552059052059045,322.2766122766123,2.909255838523841,257732.2999222999,2.902939516301292,3.2353892118410257
767,6.6552059052059045,322.2766122766123,2.909255838523841,257732.2999222999,2.902939516301292,3.2353892118410257
768,6.6552059052059045,322.2766122766123,2.909255838523841,257732.2999222999,2.902939516301292,3.2353892118410257
769,6.6552059052059045,322.2766122766123,2.909255838523841,257732.2999222999,2.902939516301292,3.2353892118410257
770,8.0,250.0,1.799340009689331,24800.0,1.175570011138916,1.8138600587844802
771,6.6552059052059045,322.2766122766123,2.909255838523841,257732.2999222999,2.902939516301292,3.2353892118410257
772,6.0,220.0,2.184210062026977,9420.0,1.0610500574111938,2.16740989685059
773,4.0,100.0,1.3552600145339966,71100.0,1.5202900171279907,1.44746005535126
774,8.0,560.0,4.5526299476623535,319000.0,3.3660399913787837,4.93099021911621
775,6.6552059052059045,322.2766122766123,2.909255838523841,257732.2999222999,2.902939516301292,3.2353892118410257
776,6.6552059052059045,322.2766122766123,2.909255838523841,257732.2999222999,2.902939516301292,3.2353892118410257
777,6.6552059052059045,322.2766122766123,2.909255838523841,257732.2999222999,2.902939516301292,3.2353892118410257
778,6.6552059052059045,322.2766122766123,2.909255838523841,257732.2999222999,2.902939516301292,3.2353892118410257
779,3.0,60.0,1.0,39500.0,1.2850099802017212,1.05449998378754
780,3.0,60.0,1.0,14800.0,1.1011099815368652,1.01856994628906
781,6.6552059052059045,322.2766122766123,2.909255838523841,257732.2999222999,2.902939516301292,3.2353892118410257
782,6.6552059052059045,322.2766122766123,2.909255838523841,257732.2999222999,2.902939516301292,3.2353892118410257
783,6.6552059052059045,322.2766122766123,2.909255838523841,257732.2999222999,2.902939516301292,3.2353892118410257
784,3.0,120.0,2.4210500717163086,487000.0,4.616889953613281,3.09335994720459
785,4.0,120.0,1.7105300426483154,11400.0,1.0757999420166016,1.7076200246810902
786,6.6552059052059045,322.2766122766123,2.909255838523841,257732.2999222999,2.902939516301292,3.2353892118410257
787,6.6552059052059045,322.2766122766123,2.909255838523841,257732.2999222999,2.902939516301292,3.2353892118410257
788,6.6552059052059045,322.2766122766123,2.909255838523841,257732.2999222999,2.902939516301292,3.2353892118410257
789,6.6552059052059045,322.2766122766123,2.909255838523841,257732.2999222999,2.902939516301292,3.2353892118410257
790,3.0,140.0,2.894740104675293,1210000.0,10.0,4.60759019851685
791,6.6552059052059045,322.2766122766123,2.909255838523841,257732.2999222999,2.902939516301292,3.2353892118410257
792,6.6552059052059045,322.2766122766123,2.909255838523841,257732.2999222999,2.902939516301292,3.2353892118410257
793,6.6552059052059045,322.2766122766123,2.909255838523841,257732.2999222999,2.902939516301292,3.2353892118410257
794,6.6552059052059045,322.2766122766123,2.909255838523841,257732.2999222999,2.902939516301292,3.2353892118410257
795,7.0,370.0,3.334589958190918,227000.0,2.681050062179565,3.6074800491332994
796,19.0,1050.0,3.505539894104004,277000.0,3.053329944610596,3.84717988967896
797,3.0,60.0,1.0,51200.0,1.372130036354065,1.07151997089386
798,7.0,370.0,3.334589958190918,227000.0,2.681050062179565,3.6074800491332994
799,6.6552059052059045,322.2766122766123,2.909255838523841,257732.2999222999,2.902939516301292,3.2353892118410257
800,6.6552059052059045,322.2766122766123,2.909255838523841,257732.2999222999,2.902939516301292,3.2353892118410257
801,10.0,950.0,6.328949928283691,437000.0,4.244609832763672,6.837609767913821
802,6.6552059052059045,322.2766122766123,2.909255838523841,257732.2999222999,2.902939516301292,3.2353892118410257
803,6.6552059052059045,322.2766122766123,2.909255838523841,257732.2999222999,2.902939516301292,3.2353892118410257
804,3.0,180.0,3.84210991859436,27800.0,1.1979000568389893,3.81346011161804
805,6.6552059052059045,322.2766122766123,2.909255838523841,257732.2999222999,2.902939516301292,3.2353892118410257
806,4.0,250.0,4.019740104675293,107000.0,1.7875900268554688,4.102149963378911
807,6.6552059052059045,322.2766122766123,2.909255838523841,257732.2999222999,2.902939516301292,3.2353892118410257
808,6.6552059052059045,322.2766122766123,2.909255838523841,257732.2999222999,2.902939516301292,3.2353892118410257
809,6.6552059052059045,322.2766122766123,2.909255838523841,257732.2999222999,2.902939516301292,3.2353892118410257
810,3.0,70.0,1.236840009689331,1710.0,1.0036499500274658,1.23087000846863
811,3.0,440.0,10.0,146000.0,2.0779600143432617,10.0
812,4.0,90.0,1.1776299476623535,41500.0,1.2999099493026731,1.2309099435806299
813,6.6552059052059045,322.2766122766123,2.909255838523841,257732.2999222999,2.902939516301292,3.2353892118410257
814,4.0,350.0,5.796050071716309,905000.0,7.7291197776794425,6.99779987335205
815,4.0,350.0,5.796050071716309,905000.0,7.7291197776794425,6.99779987335205
816,6.6552059052059045,322.2766122766123,2.909255838523841,257732.2999222999,2.902939516301292,3.2353892118410257
817,6.6552059052059045,322.2766122766123,2.909255838523841,257732.2999222999,2.902939516301292,3.2353892118410257
818,6.6552059052059045,322.2766122766123,2.909255838523841,257732.2999222999,2.902939516301292,3.2353892118410257
819,6.6552059052059045,322.2766122766123,2.909255838523841,257732.2999222999,2.902939516301292,3.2353892118410257
820,5.0,310.0,3.9842100143432617,112000.0,1.824820041656494,4.074729919433589
821,4.0,280.0,4.5526299476623535,29900.0,1.2135399580001829,4.5105099678039595
822,6.0,410.0,4.434209823608398,16600.0,1.1145100593566897,4.3755002021789595
823,6.0,190.0,1.828950047492981,18700.0,1.1301499605178833,1.83390998840332
824,4.0,330.0,5.440790176391602,153000.0,2.130079984664917,5.5570502281189
825,6.6552059052059045,322.2766122766123,2.909255838523841,257732.2999222999,2.902939516301292,3.2353892118410257
826,3.0,220.0,4.789470195770264,20700.0,1.1450400352478027,4.72845983505249
827,6.6552059052059045,322.2766122766123,2.909255838523841,257732.2999222999,2.902939516301292,3.2353892118410257
828,5.0,140.0,1.5684200525283811,36900.0,1.265660047531128,1.6059099435806299
829,6.6552059052059045,322.2766122766123,2.909255838523841,257732.2999222999,2.902939516301292,3.2353892118410257
830,4.0,330.0,5.440790176391602,153000.0,2.130079984664917,5.5570502281189
831,6.6552059052059045,322.2766122766123,2.909255838523841,257732.2999222999,2.902939516301292,3.2353892118410257
832,6.6552059052059045,322.2766122766123,2.909255838523841,257732.2999222999,2.902939516301292,3.2353892118410257
833,6.6552059052059045,322.2766122766123,2.909255838523841,257732.2999222999,2.902939516301292,3.2353892118410257
834,6.6552059052059045,322.2766122766123,2.909255838523841,257732.2999222999,2.902939516301292,3.2353892118410257
835,3.0,80.0,1.4736800193786619,4190.0,1.0221099853515625,1.46580004692078
836,3.0,80.0,1.4736800193786619,4190.0,1.0221099853515625,1.46580004692078
837,6.6552059052059045,322.2766122766123,2.909255838523841,257732.2999222999,2.902939516301292,3.2353892118410257
838,6.6552059052059045,322.2766122766123,2.909255838523841,257732.2999222999,2.902939516301292,3.2353892118410257
839,6.6552059052059045,322.2766122766123,2.909255838523841,257732.2999222999,2.902939516301292,3.2353892118410257
840,6.6552059052059045,322.2766122766123,2.909255838523841,257732.2999222999,2.902939516301292,3.2353892118410257
841,6.6552059052059045,322.2766122766123,2.909255838523841,257732.2999222999,2.902939516301292,3.2353892118410257
842,17.0,680.0,2.4210500717163086,934000.0,7.945040225982666,3.74349999427795
843,6.6552059052059045,322.2766122766123,2.909255838523841,257732.2999222999,2.902939516301292,3.2353892118410257
844,6.6552059052059045,322.2766122766123,2.909255838523841,257732.2999222999,2.902939516301292,3.2353892118410257
845,6.6552059052059045,322.2766122766123,2.909255838523841,257732.2999222999,2.902939516301292,3.2353892118410257
846,6.6552059052059045,322.2766122766123,2.909255838523841,257732.2999222999,2.902939516301292,3.2353892118410257
847,6.6552059052059045,322.2766122766123,2.909255838523841,257732.2999222999,2.902939516301292,3.2353892118410257
848,3.0,120.0,2.4210500717163086,223950.0,2.6583449244499207,2.71076500415802
849,6.6552059052059045,322.2766122766123,2.909255838523841,257732.2999222999,2.902939516301292,3.2353892118410257
850,4.0,440.0,7.394740104675293,1060000.0,8.883170127868652,8.78472995758057
851,7.0,420.0,3.84210991859436,239000.0,2.770400047302246,4.12063980102539
852,6.0,270.0,2.776319980621338,11100.0,1.0735599994659424,2.74817991256714
853,6.6552059052059045,322.2766122766123,2.909255838523841,257732.2999222999,2.902939516301292,3.2353892118410257
854,6.6552059052059045,322.2766122766123,2.909255838523841,257732.2999222999,2.902939516301292,3.2353892118410257
855,6.6552059052059045,322.2766122766123,2.909255838523841,257732.2999222999,2.902939516301292,3.2353892118410257
856,6.6552059052059045,322.2766122766123,2.909255838523841,257732.2999222999,2.902939516301292,3.2353892118410257
857,6.6552059052059045,322.2766122766123,2.909255838523841,257732.2999222999,2.902939516301292,3.2353892118410257
858,6.6552059052059045,322.2766122766123,2.909255838523841,257732.2999222999,2.902939516301292,3.2353892118410257
859,6.6552059052059045,322.2766122766123,2.909255838523841,257732.2999222999,2.902939516301292,3.2353892118410257
860,6.6552059052059045,322.2766122766123,2.909255838523841,257732.2999222999,2.902939516301292,3.2353892118410257
861,6.6552059052059045,322.2766122766123,2.909255838523841,257732.2999222999,2.902939516301292,3.2353892118410257
862,6.6552059052059045,322.2766122766123,2.909255838523841,257732.2999222999,2.902939516301292,3.2353892118410257
863,6.6552059052059045,322.2766122766123,2.909255838523841,257732.2999222999,2.902939516301292,3.2353892118410257
864,3.0,60.0,1.0,786000.0,6.843100070953369,2.14024996757507
865,3.0,130.0,2.65789008140564,3030.0,1.0134799480438232,2.6207799911499
866,7.0,310.0,2.725559949874878,42300.0,1.3058600425720217,2.7439899444580096
867,6.6552059052059045,322.2766122766123,2.909255838523841,257732.2999222999,2.902939516301292,3.2353892118410257
868,6.6552059052059045,322.2766122766123,2.909255838523841,257732.2999222999,2.902939516301292,3.2353892118410257
869,7.0,420.0,3.84210991859436,239000.0,2.770400047302246,4.12063980102539
870,6.6552059052059045,322.2766122766123,2.909255838523841,257732.2999222999,2.902939516301292,3.2353892118410257
871,6.6552059052059045,322.2766122766123,2.909255838523841,257732.2999222999,2.902939516301292,3.2353892118410257
872,6.6552059052059045,322.2766122766123,2.909255838523841,257732.2999222999,2.902939516301292,3.2353892118410257
873,19.0,1050.0,3.505539894104004,277000.0,3.053329944610596,3.84717988967896
874,11.0,670.0,3.9066998958587646,622000.0,5.622029781341553,4.740789890289309
875,6.6552059052059045,322.2766122766123,2.909255838523841,257732.2999222999,2.902939516301292,3.2353892118410257
876,6.6552059052059045,322.2766122766123,2.909255838523841,257732.2999222999,2.902939516301292,3.2353892118410257
877,5.25,265.0,3.403947412967682,529725.0,4.9349974393844604,4.115527510643005
878,6.6552059052059045,322.2766122766123,2.909255838523841,257732.2999222999,2.902939516301292,3.2353892118410257
879,6.6552059052059045,322.2766122766123,2.909255838523841,257732.2999222999,2.902939516301292,3.2353892118410257
880,6.6552059052059045,322.2766122766123,2.909255838523841,257732.2999222999,2.902939516301292,3.2353892118410257
881,6.6552059052059045,322.2766122766123,2.909255838523841,257732.2999222999,2.902939516301292,3.2353892118410257
882,3.0,90.0,1.7105300426483154,3160.0,1.0144399404525757,1.6956399679183998
883,3.0,180.0,3.84210991859436,27800.0,1.1979000568389893,3.81346011161804
884,6.6552059052059045,322.2766122766123,2.909255838523841,257732.2999222999,2.902939516301292,3.2353892118410257
885,6.6552059052059045,322.2766122766123,2.909255838523841,257732.2999222999,2.902939516301292,3.2353892118410257
886,5.0,400.0,5.263160228729248,312000.0,3.313920021057129,5.6148099899292
887,6.6552059052059045,322.2766122766123,2.909255838523841,257732.2999222999,2.902939516301292,3.2353892118410257
888,6.6552059052059045,322.2766122766123,2.909255838523841,257732.2999222999,2.902939516301292,3.2353892118410257
889,6.0,130.0,1.1184200048446655,4020.0,1.0208499431610107,1.1185599565506001
890,6.6552059052059045,322.2766122766123,2.909255838523841,257732.2999222999,2.902939516301292,3.2353892118410257
891,8.0,210.0,1.4440799951553345,25900.0,1.1837600469589231,1.46845996379852
892,6.6552059052059045,322.2766122766123,2.909255838523841,257732.2999222999,2.902939516301292,3.2353892118410257
893,5.0,270.0,3.41579008102417,1050000.0,8.808719635009766,4.88381004333496
894,6.6552059052059045,322.2766122766123,2.909255838523841,257732.2999222999,2.902939516301292,3.2353892118410257
895,6.6552059052059045,322.2766122766123,2.909255838523841,257732.2999222999,2.902939516301292,3.2353892118410257
896,6.6552059052059045,322.2766122766123,2.909255838523841,257732.2999222999,2.902939516301292,3.2353892118410257
897,6.6552059052059045,322.2766122766123,2.909255838523841,257732.2999222999,2.902939516301292,3.2353892118410257
898,3.0,120.0,2.4210500717163086,223950.0,2.6583449244499207,2.71076500415802
899,6.6552059052059045,322.2766122766123,2.909255838523841,257732.2999222999,2.902939516301292,3.2353892118410257
900,4.0,350.0,5.796050071716309,905000.0,7.7291197776794425,6.99779987335205
901,4.0,90.0,1.1776299476623535,96200.0,1.7071800231933594,1.31046998500824
902,6.6552059052059045,322.2766122766123,2.909255838523841,257732.2999222999,2.902939516301292,3.2353892118410257
903,6.6552059052059045,322.2766122766123,2.909255838523841,257732.2999222999,2.902939516301292,3.2353892118410257
904,17.0,680.0,2.4210500717163086,934000.0,7.945040225982666,3.74349999427795
905,6.6552059052059045,322.2766122766123,2.909255838523841,257732.2999222999,2.902939516301292,3.2353892118410257
906,6.6552059052059045,322.2766122766123,2.909255838523841,257732.2999222999,2.902939516301292,3.2353892118410257
907,6.6552059052059045,322.2766122766123,2.909255838523841,257732.2999222999,2.902939516301292,3.2353892118410257
908,6.6552059052059045,322.2766122766123,2.909255838523841,257732.2999222999,2.902939516301292,3.2353892118410257
909,6.6552059052059045,322.2766122766123,2.909255838523841,257732.2999222999,2.902939516301292,3.2353892118410257
910,6.6552059052059045,322.2766122766123,2.909255838523841,257732.2999222999,2.902939516301292,3.2353892118410257
911,6.6552059052059045,322.2766122766123,2.909255838523841,257732.2999222999,2.902939516301292,3.2353892118410257
912,6.6552059052059045,322.2766122766123,2.909255838523841,257732.2999222999,2.902939516301292,3.2353892118410257
913,6.6552059052059045,322.2766122766123,2.909255838523841,257732.2999222999,2.902939516301292,3.2353892118410257
914,6.6552059052059045,322.2766122766123,2.909255838523841,257732.2999222999,2.902939516301292,3.2353892118410257
915,6.6552059052059045,322.2766122766123,2.909255838523841,257732.2999222999,2.902939516301292,3.2353892118410257
916,4.0,100.0,1.3552600145339966,1780.0,1.0041699409484863,1.34662997722626
917,6.6552059052059045,322.2766122766123,2.909255838523841,257732.2999222999,2.902939516301292,3.2353892118410257
918,6.6552059052059045,322.2766122766123,2.909255838523841,257732.2999222999,2.902939516301292,3.2353892118410257
919,6.6552059052059045,322.2766122766123,2.909255838523841,257732.2999222999,2.902939516301292,3.2353892118410257
920,6.6552059052059045,322.2766122766123,2.909255838523841,257732.2999222999,2.902939516301292,3.2353892118410257
921,6.6552059052059045,322.2766122766123,2.909255838523841,257732.2999222999,2.902939516301292,3.2353892118410257
922,6.6552059052059045,322.2766122766123,2.909255838523841,257732.2999222999,2.902939516301292,3.2353892118410257
923,3.0,240.0,5.263160228729248,68900.0,1.5039099454879759,5.26122999191284
924,6.6552059052059045,322.2766122766123,2.909255838523841,257732.2999222999,2.902939516301292,3.2353892118410257
925,5.0,210.0,2.563159942626953,769000.0,6.716519832611084,3.6423099040985094
926,6.6552059052059045,322.2766122766123,2.909255838523841,257732.2999222999,2.902939516301292,3.2353892118410257
927,6.6552059052059045,322.2766122766123,2.909255838523841,257732.2999222999,2.902939516301292,3.2353892118410257
928,6.6552059052059045,322.2766122766123,2.909255838523841,257732.2999222999,2.902939516301292,3.2353892118410257
929,6.6552059052059045,322.2766122766123,2.909255838523841,257732.2999222999,2.902939516301292,3.2353892118410257
930,6.6552059052059045,322.2766122766123,2.909255838523841,257732.2999222999,2.902939516301292,3.2353892118410257
931,4.0,250.0,4.019740104675293,107000.0,1.7875900268554688,4.102149963378911
932,3.0,110.0,2.184210062026977,67500.0,1.4934899806976318,2.2518799304962203
933,6.6552059052059045,322.2766122766123,2.909255838523841,257732.2999222999,2.902939516301292,3.2353892118410257
934,6.6552059052059045,322.2766122766123,2.909255838523841,257732.2999222999,2.902939516301292,3.2353892118410257
935,6.6552059052059045,322.2766122766123,2.909255838523841,257732.2999222999,2.902939516301292,3.2353892118410257
936,6.6552059052059045,322.2766122766123,2.909255838523841,257732.2999222999,2.902939516301292,3.2353892118410257
937,6.6552059052059045,322.2766122766123,2.909255838523841,257732.2999222999,2.902939516301292,3.2353892118410257
938,6.6552059052059045,322.2766122766123,2.909255838523841,257732.2999222999,2.902939516301292,3.2353892118410257
939,6.6552059052059045,322.2766122766123,2.909255838523841,257732.2999222999,2.902939516301292,3.2353892118410257
940,6.6552059052059045,322.2766122766123,2.909255838523841,257732.2999222999,2.902939516301292,3.2353892118410257
941,4.0,110.0,1.53288996219635,32800.0,1.235129952430725,1.5652500391006499
942,4.0,110.0,1.53288996219635,32800.0,1.235129952430725,1.5652500391006499
943,6.6552059052059045,322.2766122766123,2.909255838523841,257732.2999222999,2.902939516301292,3.2353892118410257
944,3.0,60.0,1.0,9930.0,1.0648499727249146,1.01148998737335
945,6.6552059052059045,322.2766122766123,2.909255838523841,257732.2999222999,2.902939516301292,3.2353892118410257
946,6.6552059052059045,322.2766122766123,2.909255838523841,257732.2999222999,2.902939516301292,3.2353892118410257
947,6.6552059052059045,322.2766122766123,2.909255838523841,257732.2999222999,2.902939516301292,3.2353892118410257
948,6.0,130.0,1.1184200048446655,4020.0,1.0208499431610107,1.1185599565506001
949,8.0,250.0,1.799340009689331,24800.0,1.175570011138916,1.8138600587844802
950,6.6552059052059045,322.2766122766123,2.909255838523841,257732.2999222999,2.902939516301292,3.2353892118410257
951,6.6552059052059045,322.2766122766123,2.909255838523841,257732.2999222999,2.902939516301292,3.2353892118410257
952,6.6552059052059045,322.2766122766123,2.909255838523841,257732.2999222999,2.902939516301292,3.2353892118410257
953,3.0,70.0,1.236840009689331,13900.0,1.0944099426269531,1.2486000061035198
954,6.6552059052059045,322.2766122766123,2.909255838523841,257732.2999222999,2.902939516301292,3.2353892118410257
955,6.6552059052059045,322.2766122766123,2.909255838523841,257732.2999222999,2.902939516301292,3.2353892118410257
956,6.6552059052059045,322.2766122766123,2.909255838523841,257732.2999222999,2.902939516301292,3.2353892118410257
957,6.6552059052059045,322.2766122766123,2.909255838523841,257732.2999222999,2.902939516301292,3.2353892118410257
958,6.6552059052059045,322.2766122766123,2.909255838523841,257732.2999222999,2.902939516301292,3.2353892118410257
959,6.6552059052059045,322.2766122766123,2.909255838523841,257732.2999222999,2.902939516301292,3.2353892118410257
960,6.6552059052059045,322.2766122766123,2.909255838523841,257732.2999222999,2.902939516301292,3.2353892118410257
961,6.6552059052059045,322.2766122766123,2.909255838523841,257732.2999222999,2.902939516301292,3.2353892118410257
962,6.6552059052059045,322.2766122766123,2.909255838523841,257732.2999222999,2.902939516301292,3.2353892118410257
963,6.6552059052059045,322.2766122766123,2.909255838523841,257732.2999222999,2.902939516301292,3.2353892118410257
964,6.6552059052059045,322.2766122766123,2.909255838523841,257732.2999222999,2.902939516301292,3.2353892118410257
965,6.6552059052059045,322.2766122766123,2.909255838523841,257732.2999222999,2.902939516301292,3.2353892118410257
966,6.6552059052059045,322.2766122766123,2.909255838523841,257732.2999222999,2.902939516301292,3.2353892118410257
967,6.0,290.0,3.013159990310669,64100.0,1.4681700468063354,3.0566000938415496
968,6.0,290.0,3.013159990310669,64100.0,1.4681700468063354,3.0566000938415496
